index,station_id,date_time,pcode,result,row_hash,processed_at
0,CT,2021-01-01,Data 1,1.411,d6474113094bb1d4a8eae085eb7324352c9fca91f820eeb64722c9499d6a7ed8,2025-10-23T06:50:53.456939Z
1,CT,2021-01-01,Data 6,1.508,c673ff73318f90e460c91fd08700230a922db81af71ecb89a67a69ec9421dc84,2025-10-23T06:50:53.456965Z
2,CT,2021-01-02,Data 1,1.522,d64683646acef3930a75f4169eead07017cb885503122f26201326ca5045c4d6,2025-10-23T06:50:53.456985Z
3,CT,2021-01-02,Data 6,1.535,1c5338b7e4e7cc3cd86152fb10695a689c7a5d0dab1ff50c4e4d8ff4f19cc7ec,2025-10-23T06:50:53.457003Z
4,CT,2021-01-03,Data 1,1.43,6df3c5e516c4af566a952ee7de0397c874836a117c7d6a98d0fbb56c1ef1359c,2025-10-23T06:50:53.457021Z
5,CT,2021-01-03,Data 6,1.496,2c862eb2b8ecff7f54e0528794b4288f7aed4d80a96fe70e4ae0326ff94bcc31,2025-10-23T06:50:53.457039Z
6,CT,2021-01-04,Data 1,1.355,bda6792f72709c0390ccb5f4a24d283809da710f2fe0b839e19fc49e0fd0fbdf,2025-10-23T06:50:53.457055Z
7,CT,2021-01-04,Data 6,1.514,79ed8c9d02adcadac64ef1ecb89f63e0a898f7fa88bd0e04d443e1cf27b908a7,2025-10-23T06:50:53.457073Z
8,CT,2021-01-05,Data 1,1.087,5e18b369815a1c5bb631ded9e717f4a057dda2b1daf6e1411139b18670d1251b,2025-10-23T06:50:53.457090Z
9,CT,2021-01-05,Data 6,1.272,384e4df506d94cd40f094169f6b208e0bf29b741a73f2df27355b4ef5b7e3cf1,2025-10-23T06:50:53.457106Z
10,CT,2021-01-05,Data 4,13.1,33539618a526c3f3bc5765e62800b9af62b01810aecb7e56cef017120a68d9ea,2025-10-23T06:50:53.457122Z
11,CT,2021-01-05,Data 5,7.42,238f0e8f30f6f2751be01d345f8b962c314ac63182f86d61cd85f6bc91dd4337,2025-10-23T06:50:53.457137Z
12,CT,2021-01-05,Data 3,56.5,81ba8918575909b87f6f7f048978b1297c131cd3c44e8a4d4a415b4052839792,2025-10-23T06:50:53.457152Z
13,CT,2021-01-05,Data 2,281.0,95d1182bba6bc7a67cd552acaeb9b42d16b824f389207a401ddf4f824e2b2eb2,2025-10-23T06:50:53.457167Z
14,CT,2021-01-05,Data 9,13.8,711694762b4fccee75d666942c9c8bf3048625565dde957aacc9178eebd092b2,2025-10-23T06:50:53.457183Z
15,CT,2021-01-05,Data 10,7.22,932c67940add1d0788cf0bed52b6468a274def7444c60868ec19c178f07bba6f,2025-10-23T06:50:53.457198Z
16,CT,2021-01-05,Data 11,9.07,8c367fbe5738c8ecb686220fd976d6d15209d7d873bafc4c1ea2b7d58fd8bcd1,2025-10-23T06:50:53.457213Z
17,CT,2021-01-05,Data 8,8.5,468b7587387398120884862b202ce81a93c128c4599803af1d6236c1e52071dc,2025-10-23T06:50:53.457228Z
18,CT,2021-01-05,Data 7,4.8,245d175f11279b89a45d6376e208345f848441f2a5f3d78ab4d34cc5e9bf592d,2025-10-23T06:50:53.457244Z
19,CT,2021-01-05,Data 16,0.7,7fa9e33ae9c46e56d6e260d928013f43fd4497ea4509d0010340982dcc5fb1bb,2025-10-23T06:50:53.457259Z
20,CT,2021-01-05,Data 15,5.7,1d1eeb5e3098a3eff7cac6b9fc8879636233e777ad9cdaa70aec657a7eea816b,2025-10-23T06:50:53.457274Z
21,CT,2021-01-05,Data 14,0.0,1cfa3139a35475815934786f4c4e60dde8c508a9d81492af286c5a0da88a7b5c,2025-10-23T06:50:53.457289Z
22,CT,2021-01-05,Data 12,10.0,a14463d3c2246f3e95650b3dada2fb6c3f74bae4da02b94401c48ba5c16bfac0,2025-10-23T06:50:53.457304Z
23,CT,2021-01-05,Data 17,276.200012,9bb3763f78b0b05605adab82b1dbc9efcc2071cbf0ff2c956dbc22d9c9305c39,2025-10-23T06:50:53.457319Z
24,CT,2021-01-05,Data 18,0.982918,591c25b192a01ff54417cc78bfaa439fea77d7cec7827d4a6477ece5e2b8f09a,2025-10-23T06:50:53.457334Z
25,CT,2021-01-05,Data 19,0.849558,b5f3f71c346b306c102e7b3b83d1a8788650a08ab45701dcda91aaaa3f788a5e,2025-10-23T06:50:53.457349Z
26,CT,2021-01-05,Data 22,0.0,3dbc1b6035e827d10332e673e43d587d096f136f71cdce948973090224f49b66,2025-10-23T06:50:53.457364Z
27,CT,2021-01-05,Data 23,60.468334,75e2ff9a5da47259854cad2cb1c0960f6d4b82143f7fc7a7e4991e227f8c59e7,2025-10-23T06:50:53.457378Z
28,CT,2021-01-05,Data 24,7.425936,5986e47bcec18a74af03621d2ed3189ea6b1ac457cecf29a0d1d021977233db3,2025-10-23T06:50:53.457393Z
29,CT,2021-01-05,Data 21,90.172081,3ee7da70e76f23a98ff63eff4b762a44746bd96da003ede3b6911ec1d859723a,2025-10-23T06:50:53.457408Z
30,CT,2021-01-05,Data 20,50.920704,c224e05baf1d130103450b977aa386007fa49abc3c7b3bcf064c8b722c487e58,2025-10-23T06:50:53.457423Z
31,CT,2021-01-06,Data 1,1.018,5b7b1f5f5981d3983da0fefe794a5e2a3e8246f785a3c16b7db89c6b616da151,2025-10-23T06:50:53.457438Z
32,CT,2021-01-06,Data 6,1.133,74a95fa3c2ef23cbd491b3600362d952cb9a5156eebae909a1652b4a339c904c,2025-10-23T06:50:53.457454Z
33,CT,2021-01-07,Data 1,0.98,fe7fcda5a9346c2c3ba56f1199f72cac6d36dc02b7bbec1446a259311e0526d1,2025-10-23T06:50:53.457469Z
34,CT,2021-01-07,Data 6,1.121,1752626e91d8aaede3094b8ce524bde8284eb599403f3132e57624c1582b196f,2025-10-23T06:50:53.457484Z
35,CT,2021-01-08,Data 1,1.061,04f9174e15ab603388ec1ef57fb83bee97139829ca5cb4a723c3430edd20dd4d,2025-10-23T06:50:53.457499Z
36,CT,2021-01-08,Data 6,1.185,caa4fa096846a23b8caf7362cfbb640599bc2780db0a4efeec45ae7427f518e3,2025-10-23T06:50:53.457514Z
37,CT,2021-01-09,Data 1,1.321,e33936e9b5b5b29b7a7912e9cccf64aa0d67c4f9fdb6773ba39eb0d3f15586e9,2025-10-23T06:50:53.457529Z
38,CT,2021-01-09,Data 6,1.276,a0357caf10fd834936c34ec89af1ab47078e31cebb93f75e53ec0fceb0cff049,2025-10-23T06:50:53.457543Z
39,CT,2021-01-10,Data 1,1.299,9e6fdc1a3d15a57660cf757e9cd555d743bfed50b1b1438d698fe18dc86c5db6,2025-10-23T06:50:53.457572Z
40,CT,2021-01-10,Data 6,1.318,b40ebc1fcddd399c2de870864f72b82ef9c0d526eea8bdfcd46d77e197963954,2025-10-23T06:50:53.457592Z
41,CT,2021-01-11,Data 1,1.175,f37c866d60c91d3f36db1581c000f6c79be64a9a24b3f170f6e114dbead2f1e7,2025-10-23T06:50:53.457609Z
42,CT,2021-01-11,Data 6,1.371,081b7b5263ee578b25c3215bcad6fe8a68b9e7abbe812737bd0bbe2fcf254512,2025-10-23T06:50:53.457625Z
43,CT,2021-01-12,Data 1,1.135,bb6bb2b4225a87081bebeee07ea6f207365ed887675d2b0d9c10ad8ff0ee5159,2025-10-23T06:50:53.457640Z
44,CT,2021-01-12,Data 6,1.326,8a42d1c8d1e7936f24f4e033870a751140ac87dd0dc73a12ad8ecf3c34df4427,2025-10-23T06:50:53.457655Z
45,CT,2021-01-12,Data 4,12.2,44cdd3c1dc58994d8c45478f52eaa8d009199edd918c42218dfec92094d57590,2025-10-23T06:50:53.457670Z
46,CT,2021-01-12,Data 5,7.23,bb6c9cda811c41297ea452cdd9e37727563540b108ebdd4d4c032547a64a1764,2025-10-23T06:50:53.457685Z
47,CT,2021-01-12,Data 3,28.0,7dfb064d8fe446f17c9e6d7d3b06df0b7726e65e94d80dbe57113f5e522bf7ee,2025-10-23T06:50:53.457700Z
48,CT,2021-01-12,Data 2,403.0,2114cdd7214b7e1f849f7d995849b5ba4a417cad72d14d2cc367c837e90ecc68,2025-10-23T06:50:53.457715Z
49,CT,2021-01-12,Data 9,12.0,39941c7b137f1cd2dc060efe0c9d8a8c4e86e89b2be4c63f16ab5af801ff779a,2025-10-23T06:50:53.457730Z
50,CT,2021-01-12,Data 10,7.15,63d565bcc6e6891255772f2b5144f12dc0c717e3d9dde39b1506d5e95e9df6ae,2025-10-23T06:50:53.457745Z
51,CT,2021-01-12,Data 11,8.48,9f6b8c49c0f3062b9c426f57a4384063c4618672454e5dd880b0db318949c015,2025-10-23T06:50:53.457760Z
52,CT,2021-01-12,Data 8,9.5,121334ae9f2c1048aabe4e7675c28ddc305703b8a009f31e7ce4358c177406fb,2025-10-23T06:50:53.457775Z
53,CT,2021-01-12,Data 7,6.5,b7224c4a98e8cd4b6a0aa3ebc57cceebe303ae43301c8f51b05bfc22263c848b,2025-10-23T06:50:53.457790Z
54,CT,2021-01-12,Data 16,0.84,5b763f111ade6d465ab5eadcb1a2f4424a6a07dbc80b07420df2b1ef7de62710,2025-10-23T06:50:53.457805Z
55,CT,2021-01-12,Data 15,5.4,e5e3e5d401328bd84cd761d9b722f030dd87250d47e1a26afa06f6705e2325fb,2025-10-23T06:50:53.457820Z
56,CT,2021-01-12,Data 14,1.2,decf206a7e58f24eafd4c89a250b5c466533094bbbfa1c00562d802ec236648a,2025-10-23T06:50:53.457834Z
57,CT,2021-01-12,Data 12,20.0,245dbf29b8d790a9091b90246592761cc76b744d6fc010fbc36a331fb139a536,2025-10-23T06:50:53.457849Z
58,CT,2021-01-12,Data 17,396.5,cf0c5a072cd57c1df8740834905741fe74190a93435d16068ae39c3d4fb29fae,2025-10-23T06:50:53.457864Z
59,CT,2021-01-12,Data 18,0.983871,0e42be72997b65bed6743bc40efff35805692133a37855b01b69881bcbfe788d,2025-10-23T06:50:53.457879Z
60,CT,2021-01-12,Data 19,0.660714,306754d7fb0dc3dfeef7a9553485a67a9e36e98338eb3d9263ff42a390437087,2025-10-23T06:50:53.457894Z
61,CT,2021-01-12,Data 22,13.270608,75a6b9fb264c149807a8746c3b39178b94c1f40c789b863d073cb6c233b73c24,2025-10-23T06:50:53.457909Z
62,CT,2021-01-12,Data 23,59.717735,dfcaf8bdeedb53b6f3798911b2bbbc933bf93aff40e9a6991340e4b964ccae7f,2025-10-23T06:50:53.457923Z
63,CT,2021-01-12,Data 24,9.289426,feb318652a0216cada84484c60aac55abf50d0d0f800687564542f8571b613d0,2025-10-23T06:50:53.457938Z
64,CT,2021-01-12,Data 21,105.058983,0a65ce37ba7e9c59e94a8e5c97bffe512ad181ac6ea80eccbaca6b17dde44245,2025-10-23T06:50:53.457953Z
65,CT,2021-01-12,Data 20,71.882462,13051b099c0ad84c90aba94e6d3c7ebb3aaa0d095d29135dde7429a707bb56d4,2025-10-23T06:50:53.457969Z
66,CT,2021-01-13,Data 1,1.122,13e6c15c3daecb9cefc00e9709d8c8030b088bc72cd5fcecd0691522a9ffbea8,2025-10-23T06:50:53.457985Z
67,CT,2021-01-13,Data 6,1.29,fc50afc44e67d67fded971d3db165c4961b1d1589871e30cd749156c07f183b5,2025-10-23T06:50:53.458000Z
68,CT,2021-01-14,Data 1,1.12,8488c7ba5f235e6f23006658c5b0562e6c7d734910879744d47ce504972d66de,2025-10-23T06:50:53.458016Z
69,CT,2021-01-14,Data 6,1.265,e55dfb548b0b5392cdf999a4594a9cbf56a38fce0cebd521e381aa25c8fd9e6f,2025-10-23T06:50:53.458032Z
70,CT,2021-01-15,Data 1,1.121,eda3f6f8ba367801f1c86b8d688f858c935dac1f46c8cb52e074267ddfae79e3,2025-10-23T06:50:53.458048Z
71,CT,2021-01-15,Data 6,1.168,958876376fdeaa047c9261f7e4fff6e4e84a1b5eed8c77b55efcdbca221d2374,2025-10-23T06:50:53.458063Z
72,CT,2021-01-16,Data 1,1.217,09903b2376eb33bf90ee6d32731655b508d604981882bbf3c8379bba7938a7e0,2025-10-23T06:50:53.458081Z
73,CT,2021-01-16,Data 6,1.182,492e2343193e10b19dedfa1419179514486fa1f3a65a08a71f9a720c5cefe148,2025-10-23T06:50:53.458097Z
74,CT,2021-01-17,Data 1,1.211,270c77643bac11505cb3181d3c6633fd36cb94b50d383b1a554b753827ea5517,2025-10-23T06:50:53.458112Z
75,CT,2021-01-17,Data 6,1.18,8778b0a5668a7a27939410b4b62247a0d6e011297bcb0ad30c99a64e20d300e9,2025-10-23T06:50:53.458126Z
76,CT,2021-01-18,Data 1,0.987,a1534439b2110226a522ea83a7d7da723cb837508e3d726ee7f48a47768501af,2025-10-23T06:50:53.458141Z
77,CT,2021-01-18,Data 6,1.024,47d1ade08a106d83ab065dd972d890514e8dd20ce2e647ba2deef504d067c0fa,2025-10-23T06:50:53.458156Z
78,CT,2021-01-19,Data 1,0.97,e73645546cfcf83089b8d475f64c86237f79adb9d677cce263490631470aa84a,2025-10-23T06:50:53.458171Z
79,CT,2021-01-19,Data 6,1.132,25bc71ee336e70ba21e0c5761b43ba6eb1d04e17eb1973c5ef0c46165759c1cd,2025-10-23T06:50:53.458186Z
80,CT,2021-01-19,Data 4,11.7,c64dbe6773b342c247da814317316511ad0f1246eb39dbd982916f685621fba9,2025-10-23T06:50:53.458200Z
81,CT,2021-01-19,Data 5,7.5,2dca62624961bc659e8655436caa1d7288780a699c119b567a5531e2ed99110e,2025-10-23T06:50:53.458214Z
82,CT,2021-01-19,Data 3,342.0,1072ffd9856f0d555e3041fdcd294f541d74f45b5b047ef4981b862cbce22624,2025-10-23T06:50:53.458230Z
83,CT,2021-01-19,Data 2,279.0,f75da72ba8a631ba79ad3b5ba566d22254e753129a494c193f1b9f5255ea4160,2025-10-23T06:50:53.458244Z
84,CT,2021-01-19,Data 9,13.0,ffb2822347ab6f91ba8dc14c8c26341a857c1fe689dda8a8c3d5bacf07c47346,2025-10-23T06:50:53.458258Z
85,CT,2021-01-19,Data 10,7.35,5a13dd639da76cfac57f661411d2d63a9ae4a3b5b22c63f52574a5ee389e2aa2,2025-10-23T06:50:53.458273Z
86,CT,2021-01-19,Data 11,8.69,29924ce830dfcdd7f620dfb234a8e952fa8be7c736da189eaaffe5f6b3705aff,2025-10-23T06:50:53.458289Z
87,CT,2021-01-19,Data 8,0.0,bd10fe6446ae776edadb9ccbb8276f55fe793211dc885b41a1406652939bd66f,2025-10-23T06:50:53.458305Z
88,CT,2021-01-19,Data 7,12.9,5e3a063ebda2bc97646b1d8a0f28f11f8aa5d7ab18f0b43b7038c52d7cc6c4aa,2025-10-23T06:50:53.458321Z
89,CT,2021-01-19,Data 16,0.55,5d4b73661b634cd2a012afd98a660241e1a64eca34f1f80f724fd99a592cf3dd,2025-10-23T06:50:53.458337Z
90,CT,2021-01-19,Data 15,4.1,8481c69aa42400c9632ac49f7b4afb7428ba00d3dfe181241e8f5cdf5f6cef8f,2025-10-23T06:50:53.458353Z
91,CT,2021-01-19,Data 14,0.17,9df8a87dd340aeefa2c486b79d2256683c5255f2a32c59bb05f64f39d1c39485,2025-10-23T06:50:53.458369Z
92,CT,2021-01-19,Data 12,10.0,b9d01bd648d24ffe5e9a69f5dfc13e11888e63c2d868ad79512826b9d82ae162,2025-10-23T06:50:53.458385Z
93,CT,2021-01-19,Data 17,266.100006,4a4287f9d770862dfd5bc3e2fbf22083b406c663c3ed1c1f873c7cd6f3e22f17,2025-10-23T06:50:53.458401Z
94,CT,2021-01-19,Data 18,0.953763,a3968adbbd0629ef93d2210dc23d331df42056183a7a88d515a95e2c57a4776f,2025-10-23T06:50:53.458417Z
95,CT,2021-01-19,Data 19,1.0,b612e248c1cf5bee76d63d677b346ef9f207d0e8d6df8ccb4ea34b09661a1dbb,2025-10-23T06:50:53.458433Z
96,CT,2021-01-19,Data 23,38.707607,3269f149ccb9e56020a53cbaa9a7191d404a29beffa324a7394a3b6abaa1aebd,2025-10-23T06:50:53.458449Z
97,CT,2021-01-19,Data 24,5.192484,fe73d068d24bfb77b9ef5f4d79a423f4e874ad6e74cc2f836ebf7ef9baf2918e,2025-10-23T06:50:53.458465Z
98,CT,2021-01-19,Data 21,0.0,9cbc9453bc62e2c90ebe98a3e6c9f2a20f05c1b0de5047f0c4bd649dd0faf20c,2025-10-23T06:50:53.458480Z
99,CT,2021-01-19,Data 20,121.787354,a5d90a5d60474cc3fbcc45d178883f4dbbb95d2ac2c2c5545fd382c1cebd3237,2025-10-23T06:50:53.458496Z
100,CT,2021-01-19,Data 22,1.60495,7ccb493026554b41430522bcaded54f267ee4e87a12d294c1d0abdae59585312,2025-10-23T06:50:53.458513Z
101,CT,2021-01-20,Data 1,0.979,3ca88eeed7ca1a703af23ce122af4a8867cd8981bdd118525fa9a96f4260318f,2025-10-23T06:50:53.458528Z
102,CT,2021-01-20,Data 6,1.065,a784455bb14472cb7937c78d2866c053ad7729bda9bc2b144aff19c5ffbbfa2a,2025-10-23T06:50:53.458544Z
103,TUS,2021-01-20,Data 1,0.1168,8d7ce0d5d97edc2bfe005d8ab3df8d7d9dc06c25c2ceda71881c873d62ab9ebd,2025-10-23T06:50:53.458567Z
104,TUS,2021-01-20,Data 6,0.006,a0253d940a3a95fbd14628e85f47fe7974236e6af2eb1940bee9ff38211bcd8a,2025-10-23T06:50:53.458583Z
105,CT,2021-01-21,Data 1,1.039,2a52560550e5bd2b8769299f8bd1864500f0b9f05c4adf7c3ce3d8c63b04b6d7,2025-10-23T06:50:53.458598Z
106,CT,2021-01-21,Data 6,1.197,ca61bc1b5dcd244eeb314c0624fcbc54848ef38953924e5be106e4707219e422,2025-10-23T06:50:53.458613Z
107,CT,2021-01-22,Data 1,1.157,30cbd07fa6d4895fb08d8173fd60ea3691e512d7256a43883547fd1f2d1ceae8,2025-10-23T06:50:53.458627Z
108,CT,2021-01-22,Data 6,1.291,cb361a1722ad61947f8c406db69da4b70576ec623d9be7e9ba479b14a294cebe,2025-10-23T06:50:53.458642Z
109,CT,2021-01-23,Data 1,1.191,0445d1caa5cb3aaa2638f4e34c98a5078a18aa6d19ade4a1dc3a61ca0236cee3,2025-10-23T06:50:53.458657Z
110,CT,2021-01-23,Data 6,1.247,69dae05024f04fb4c2a1ae73ae37f8e6dd0b0c137d6cbc8556894d3e6852910c,2025-10-23T06:50:53.458671Z
111,CT,2021-01-24,Data 1,1.233,336e332ee2c68b1b77032f79a07aabc0fc13c03f4978e6214b6eb81031a02a5c,2025-10-23T06:50:53.458686Z
112,CT,2021-01-24,Data 6,1.284,d9fd9905b889b7c3bff9551f89980afe793f001cf2240ae3e4a1eb55bce06495,2025-10-23T06:50:53.458700Z
113,CT,2021-01-25,Data 1,1.099,7a4eda17c7e13414b1e34c56b28d1a62553009c61e25f5924cda0c02d0d57c04,2025-10-23T06:50:53.458715Z
114,CT,2021-01-25,Data 6,1.228,2d27ce4dee7de49a7830482180b6d104138fa122971dc8d6bfe3762b023dae40,2025-10-23T06:50:53.458730Z
115,TUS,2021-01-25,Data 1,0.0534,4929045ff83b3f0bbc052a5358e4adf581b2bba555de3fda7e8ffc07de943638,2025-10-23T06:50:53.458744Z
116,TUS,2021-01-25,Data 6,0.026,82f04ea37549a8e59d9ca71de1a57a3176e2f9af990dce76df64af64c24e3bd0,2025-10-23T06:50:53.458759Z
117,CT,2021-01-26,Data 11,9.3,2ad65765ae08d3ff0257ae96ca27c39055635c449d9007212397e12c3598e5c0,2025-10-23T06:50:53.458774Z
118,CT,2021-01-26,Data 8,6.0,a41b9a0ed69715d04f119ccdc976851e2c20beb8f14adecfbe6a2016b1bd699f,2025-10-23T06:50:53.458789Z
119,CT,2021-01-26,Data 7,5.9,183f831a91a2ea0741ec8f149f623562eded1927f6ce1b958be216e62652abbe,2025-10-23T06:50:53.458805Z
120,CT,2021-01-26,Data 16,0.62,c0140ab383c8436fdc06deb1cbc3658be2ccc6bd9f638aa515e8697b19a66f29,2025-10-23T06:50:53.458821Z
121,CT,2021-01-26,Data 15,5.2,d86dcef942c33e836ba942e811c3dcb173335caa3806e1ce3cfca2552957d196,2025-10-23T06:50:53.458837Z
122,CT,2021-01-26,Data 14,0.67,08161c84170e044a11c0726665f09095ebab5fbea4a703b0bf1abf61b8fa5d0d,2025-10-23T06:50:53.458852Z
123,CT,2021-01-26,Data 12,10.0,070a0f38b9469270117a0f78f17e28bcc0554f39d644da6b4616f6558563dbe6,2025-10-23T06:50:53.458868Z
124,CT,2021-01-26,Data 1,0.96,85b3cf6b244723a4498de9c098d3c7321cd0f1ab40d67016b9ceaa69a049a17c,2025-10-23T06:50:53.458884Z
125,CT,2021-01-26,Data 6,1.089,f9508a27b0151273f5403e9fc06a72d570a2c418571559c4d0c8ed4e0ecf889b,2025-10-23T06:50:53.458900Z
126,CT,2021-01-26,Data 4,11.2,b02bc9802a32f0f84f7c34f0a73c4c5409b1619a786fff4bbb99bdcd86f38cf6,2025-10-23T06:50:53.458916Z
127,CT,2021-01-26,Data 5,7.55,fe9efc1b3f8d49d2464a5acb1b4253092566e4cd9bc4609eccc8a31668696cd1,2025-10-23T06:50:53.458932Z
128,CT,2021-01-26,Data 3,155.0,108219c0b267734f3009fd69d3263b6b68eb1a35905309894a87ab8ee0fb7f7b,2025-10-23T06:50:53.458947Z
129,CT,2021-01-26,Data 2,139.0,d8b45f2e9a5b46c911abda25e905192f68848734b7563419b3f2fc4a839813aa,2025-10-23T06:50:53.458963Z
130,CT,2021-01-26,Data 9,12.1,efd8b093033b5eb3666055f0db342906b667485213fb663f485997ae191508ad,2025-10-23T06:50:53.458979Z
131,CT,2021-01-26,Data 10,7.59,e10ba6db232e39bc470d761211ff916c8763c37e6162c512b2dbc44a3c98495d,2025-10-23T06:50:53.458998Z
132,TUS,2021-01-26,Data 1,0.1057,ea6624d9ff32b3aa92d28a4a1c8a917449d5e6e06ca0de6d5ef0202c9ae1c551,2025-10-23T06:50:53.459014Z
133,TUS,2021-01-26,Data 6,0.077,6b6796b0f6289e10c857fa1680baa4df39150fbb760185a234b40911390e9d55,2025-10-23T06:50:53.459030Z
134,TUS,2021-01-26,Data 4,13.9,cf10962959f32dad9b53f6b7920057942d5bc17ef565d914581c975261ecb17a,2025-10-23T06:50:53.459045Z
135,TUS,2021-01-26,Data 5,8.09,c70030df632a36bb72f4b107e4990ffdcff7e0759d15e455d78bde027667079a,2025-10-23T06:50:53.459061Z
136,TUS,2021-01-26,Data 3,308.0,fc579c6ec28692565cece6b209f647d9666ec4ad20cad573b4c16e7197e9e2fd,2025-10-23T06:50:53.459077Z
137,TUS,2021-01-26,Data 2,176.0,23050faa47a2d14cc7fb66926b751ed28a13edefec1fbada860f9ff426b59f6c,2025-10-23T06:50:53.459092Z
138,TUS,2021-01-26,Data 9,8.6,fa8afe9c718ecaf86220553b4855ad17f03685aeec1093d3167b296830465bfa,2025-10-23T06:50:53.459106Z
139,TUS,2021-01-26,Data 10,7.75,507f6e143c18e496a14075c4a676ced2ec8517dd0bd809cc9c4e9789bca80c48,2025-10-23T06:50:53.459120Z
140,TUS,2021-01-26,Data 11,8.56,d488e9eab28e97fcc4831cad22813cc2bedf8d5157ec9cb62803b49b8d5f007c,2025-10-23T06:50:53.459134Z
141,TUS,2021-01-26,Data 8,4.0,4ffb47e61e7b6dca47585c00d1bccc44261ab540a06afed97539d70cdcff9bed,2025-10-23T06:50:53.459149Z
142,TUS,2021-01-26,Data 7,9.9,b0cc51af190bc31f8b95b663beb42a6446721b8d17ebb45c10bc501b31ee3bd2,2025-10-23T06:50:53.459163Z
143,TUS,2021-01-26,Data 16,5.1,049cde2a9cc1c7904532e232cf67eab1a7c39fecbaa54ebfc0ffeaf32183ee4e,2025-10-23T06:50:53.459178Z
144,TUS,2021-01-26,Data 15,14.0,c205c0e2e60d1fdef6f93b4feb9bd0dcf939685f5c9b4c755820921928fec6f2,2025-10-23T06:50:53.459192Z
145,TUS,2021-01-26,Data 14,7.5,c3db19b645d25eaa4ad11741d971e1e35b3913e6dcc688a66c9182883c7a73f6,2025-10-23T06:50:53.459206Z
146,TUS,2021-01-26,Data 12,10.0,554ad728c814fda5f47071b03e6493eddb544a210c9c1e4be89b139c8c1bd3b3,2025-10-23T06:50:53.459221Z
147,CT,2021-01-26,Data 17,133.100006,2d375edf05de9faac881fccf8c59ff80f96205eaed58f635d79852ed64ec1689,2025-10-23T06:50:53.459235Z
148,TUS,2021-01-26,Data 17,166.100006,2dd69f336b2f12188d491fe7b941f77fa8265f5bdc4ff4abdebf0223e860b6e9,2025-10-23T06:50:53.459250Z
149,TUS,2021-01-26,Data 19,0.987013,ed5028a36d9b3b2800dbfceb4b6ff91ab1184bab518ff249ea54cf5751d2e084,2025-10-23T06:50:53.459264Z
150,CT,2021-01-26,Data 18,0.957554,43646ab69c1f3ae723a7275a3cdd651f1e65fbb9c45dbc3bcbf70b6b36212ce4,2025-10-23T06:50:53.459281Z
151,CT,2021-01-26,Data 19,0.96129,bacbd216be929c1f3828e46912c2d3dca7b7b44b0a11843f2748839d0e316f38,2025-10-23T06:50:53.459297Z
152,TUS,2021-01-26,Data 18,0.94375,3fcbb81855532e9c5265019f5a9b871bcb22bf350e207b7c5a9633d1855e3b39,2025-10-23T06:50:53.459313Z
153,CT,2021-01-26,Data 22,6.085114,d4f9fe7ceddc6baa9f08a3f8b376247501b0c80058ba4a29c84ccbd8958cbd2b,2025-10-23T06:50:53.459328Z
154,CT,2021-01-26,Data 23,47.227753,651cfa8f2768c88bbef6db223e689c7393829a5bbd981315918cb894ffe1a827,2025-10-23T06:50:53.459344Z
155,CT,2021-01-26,Data 24,5.631001,9678e7ea2ca7e493c72c5a1fdf4498d7be87cd2c3b7cb38fe93eca9b21c9a0bb,2025-10-23T06:50:53.459360Z
156,CT,2021-01-26,Data 21,54.493561,50b381c6a27b2ad413a83f07c9dd39c8bb0349f13e8fe4f13301ded32aae221b,2025-10-23T06:50:53.459376Z
157,CT,2021-01-26,Data 20,53.585335,041f942dcdccbd69a71f5144244fd1c009df184d83b9019571fed4ab9aebc62f,2025-10-23T06:50:53.459392Z
158,TUS,2021-01-26,Data 22,4.81635,c027f3ad2e247948f16e7ee0c4873e0b0359b8e019c9d6f52980e993f713c7dc,2025-10-23T06:50:53.459408Z
159,TUS,2021-01-26,Data 23,8.99052,67435d312e905ac2702768dfd01da9f3403a35e9f166bdea57a83b04f45028f2,2025-10-23T06:50:53.459423Z
160,TUS,2021-01-26,Data 24,3.275118,07b03491448144dc95ac4f284968de724345563316a74cbb681f8094821a25c8,2025-10-23T06:50:53.459439Z
161,TUS,2021-01-26,Data 21,2.56872,03daa5745aaf4a363beb54ff0abe88f6a154f3846efa03ae081ae0c5d38968ee,2025-10-23T06:50:53.459455Z
162,TUS,2021-01-26,Data 20,6.357582,eddf777bb6b9d5300016f32c573691e5bebb9d15161ebff33c16e411e65eb3e7,2025-10-23T06:50:53.459471Z
163,CT,2021-01-27,Data 1,0.22,430d76556139bc0c4fca542ddff25b913a0016d54df80a9a09b77c8670357605,2025-10-23T06:50:53.459486Z
164,CT,2021-01-27,Data 6,0.217,a02678a5cbce5e4fb3729d29d3eb955199e27f479af70fc8666a7e709befd367,2025-10-23T06:50:53.459502Z
165,TUS,2021-01-27,Data 1,0.1128,7abc2b568823d4af697427ea40007443ba0efa626c53389c56752229ba5c154c,2025-10-23T06:50:53.459518Z
166,TUS,2021-01-27,Data 6,0.082,17e5dc9b4d4fd5261e73c06b7c3a41de9be3db7ec50f48164f33e6178d89b145,2025-10-23T06:50:53.459533Z
167,CT,2021-01-28,Data 1,0.22,febec7564f7fe049f7f354788bd17116a64644bb8555abf816d7967eb5452480,2025-10-23T06:50:53.459555Z
168,CT,2021-01-28,Data 6,0.217,18e5a158fe4e8f4b97a73d48ef22ea91560e4d5b3f43b41016a36c27458c3079,2025-10-23T06:50:53.459571Z
169,TUS,2021-01-28,Data 1,0.1188,db105ecb3f379ab4e1d971bf8d05909074793c75d843d398bca0b429090ce4ec,2025-10-23T06:50:53.459587Z
170,TUS,2021-01-28,Data 6,0.083,71fa6c644c61389c6c22c3644ac9469d288a7e8b230af7e4e5ba157bf7dd00c8,2025-10-23T06:50:53.459602Z
171,CT,2021-01-29,Data 1,0.671,55001e6b1f50e4065004ce30d76d18dc43e5b340db1491d9c5dc6170623a81ac,2025-10-23T06:50:53.459617Z
172,CT,2021-01-29,Data 6,0.762,de8121fe8f5947b9581a6a4654a7aed443f1d4adb444096c87c5e7c689d9d63c,2025-10-23T06:50:53.459631Z
173,TUS,2021-01-29,Data 1,0.1229,a21bd85ca8cb4a0c87a9fc88b6baded9375edf0713308a2ca102003f872c0460,2025-10-23T06:50:53.459646Z
174,TUS,2021-01-29,Data 6,0.083,e4a06965b98d298fa030721148d22015b46468c2a98d4519b7d3cc3a35554a5a,2025-10-23T06:50:53.459661Z
175,CT,2021-01-30,Data 1,0.973,c7644fb098e5bec37b5798550b34cfd09a8d5f3d6356c0b30c7a8170f9a5a17b,2025-10-23T06:50:53.459675Z
176,CT,2021-01-30,Data 6,0.984,9647d0317de393683e79ddf51c4dad985394f1a1a30bd67de1335233b35dde5e,2025-10-23T06:50:53.459690Z
177,TUS,2021-01-30,Data 1,0.1208,b42deaa8f69bf2f05786f080816baccc2e33547abf0ec80da5324fbae7de8750,2025-10-23T06:50:53.459705Z
178,TUS,2021-01-30,Data 6,0.083,97ea6eb689abf1d6bc77132509cc1848550cc63aec14a8bc198610108091ae9c,2025-10-23T06:50:53.459721Z
179,CT,2021-01-31,Data 1,0.934,75294ccf90d50bac4cc0956e93082cecbe80b634cc3e3a7e3c85a70bbdbea610,2025-10-23T06:50:53.459737Z
180,CT,2021-01-31,Data 6,0.952,5b0bae077e6b59f3afc65f8d96f4f60459a0f347b0f1a13746bc4c9dafcf859e,2025-10-23T06:50:53.459752Z
181,TUS,2021-01-31,Data 1,0.1289,7840a30048910be6cb470d0013119b7317df093f707736349b93d415d280dd0e,2025-10-23T06:50:53.459769Z
182,TUS,2021-01-31,Data 6,0.084,0f41613198f0a5c71ccaf832c7d984f3f1ee046f5b0b14abf7beca9e75077963,2025-10-23T06:50:53.459784Z
183,CT,2021-02-01,Data 1,0.941,5f9b8996b40fa2daede3a9e7568ac3f53900c4c8e7aeb80962c94a6cc03ff774,2025-10-23T06:50:53.459800Z
184,CT,2021-02-01,Data 6,1.047,c95bb4b641d1c8dec380aab9f76609302072b0f19017aa4f0700551acb3a7add,2025-10-23T06:50:53.459816Z
185,TUS,2021-02-01,Data 1,0.142,524e4030e90a1255337a0f87dff5981c080474bf698663c92a423f6516e6d07b,2025-10-23T06:50:53.459831Z
186,TUS,2021-02-01,Data 6,0.0937,f4b7ae209f007244f3c2189800e90b98f72297368a49c7c3427b755d1b3e78a2,2025-10-23T06:50:53.459847Z
187,CT,2021-02-02,Data 1,0.973,84570d9b7ac08e984a8ed9ad9e007268edceabe14466b04064e957fc2f6ad2c0,2025-10-23T06:50:53.459862Z
188,CT,2021-02-02,Data 6,1.084,2f95623c7d9e144b366c6b33d9e8220a435be2ccbdc520b6f7f0a04c05c11fd5,2025-10-23T06:50:53.459878Z
189,CT,2021-02-02,Data 4,10.9,70b1c1941e555eab5a5bda1920d24ed91c18f7257c7b7e8c9568c6c1a6d331da,2025-10-23T06:50:53.459894Z
190,CT,2021-02-02,Data 5,7.88,0201fdac6353ca66943a2a6efce28b897f39b5bbdfad83593f269a63e83413ba,2025-10-23T06:50:53.459910Z
191,CT,2021-02-02,Data 3,232.0,0f39c7c22b530a2f9d01b62f879ba5e3bf87f36d75a0b25903af200c50f7e311,2025-10-23T06:50:53.459926Z
192,CT,2021-02-02,Data 2,271.0,ea5279ab23741d1532954e4a2bbb2f76d29fc31e143829e804d82c4852966682,2025-10-23T06:50:53.459942Z
193,CT,2021-02-02,Data 9,10.8,a044c4abb76e0416520d494fd9638262c2a6e3aa7d73f086dcf3567f1849b992,2025-10-23T06:50:53.459957Z
194,CT,2021-02-02,Data 10,7.43,8afcf9e7e8c4fb41c3800bd01e6731de415ded465910949ff5ee3758a564400f,2025-10-23T06:50:53.459973Z
195,CT,2021-02-02,Data 11,8.86,ea3afa8e55bbb82fb56288f4698bfbfffb32d4998f028fa763f9eaf7d87c7ee9,2025-10-23T06:50:53.459989Z
196,CT,2021-02-02,Data 8,8.0,66606b0a6407e2f189e61866d8283d239538225a4f531339f16dea836c13394d,2025-10-23T06:50:53.460005Z
197,CT,2021-02-02,Data 7,5.1,a15dcd1f104ca11121ec7720ef9354807d97199d3fe59e22f72fff74b8eb1db2,2025-10-23T06:50:53.460020Z
198,CT,2021-02-02,Data 16,0.39,fa76d74f01c0f71b71c650460cc1799a2a15e766e671b13fd63364acc0709ab7,2025-10-23T06:50:53.460036Z
199,CT,2021-02-02,Data 15,15.2,1b437c52df457f9f7426ce8ddddba526bdc1b22f1166b7af426de4b52e8c089d,2025-10-23T06:50:53.460052Z
200,CT,2021-02-02,Data 14,0.65,12645e4fa4da7d2a26c09d751dc53c566d191d6cb10c84571fd0a13fc35a7def,2025-10-23T06:50:53.460067Z
201,CT,2021-02-02,Data 12,10.0,90d6d411b8743b6b89f1bfccf00850851bb89f6b6b19616cff208b7548a786bb,2025-10-23T06:50:53.460083Z
202,TUS,2021-02-02,Data 1,0.1138,241f1afaa5b316f45714d1c1ee5b30ba58b2328528b39b26815e0df28ee003d4,2025-10-23T06:50:53.460098Z
203,TUS,2021-02-02,Data 6,0.0796,146d3b9a54c63294a772b5f3b91d99f2e00e70f720cb8bf3f178a21b50d67047,2025-10-23T06:50:53.460113Z
204,TUS,2021-02-02,Data 4,11.6,3d710fef6a7c83a499e30a3267d4b06d143da10311caf7fbdaf9269b842c3c01,2025-10-23T06:50:53.460127Z
205,TUS,2021-02-02,Data 5,7.47,46e2f0dbdf9c038a7ab05482cf05455502e44942250e099a1ecf2675955b86b0,2025-10-23T06:50:53.460147Z
206,TUS,2021-02-02,Data 3,298.0,30ff98853ba50404d3a308529a6b553452dbcc70a7206eca3547e8bf0d57624c,2025-10-23T06:50:53.460162Z
207,TUS,2021-02-02,Data 2,654.0,0e572fe61be96686eec721c9db84a5ddaa616bb97e45c58f773099b874356f7e,2025-10-23T06:50:53.460176Z
208,TUS,2021-02-02,Data 9,9.7,c16c697b83ab029b4307c8e1ed53499832b7fbdcc22e8fe6ff8ab9c52d1c9123,2025-10-23T06:50:53.460190Z
209,TUS,2021-02-02,Data 10,7.49,310d13cfd281a4681245d048dca4378cce3096c41abfd104235c7c66be81cbe1,2025-10-23T06:50:53.460205Z
210,TUS,2021-02-02,Data 11,8.01,b174581dd0afe9127dd9eefded6ccd338d9514c07a1dba7e13df6419838bd9f7,2025-10-23T06:50:53.460221Z
211,TUS,2021-02-02,Data 8,4.0,ea6243334b7258a4f606a9728b9ac3d1b9e01b2b307b70fcd7e4a12dcd6b22ac,2025-10-23T06:50:53.460237Z
212,TUS,2021-02-02,Data 7,27.0,24a624a223b358a9d738bfcffec362f1c7a6e3c01aaafde442131f386c76cef5,2025-10-23T06:50:53.460252Z
213,TUS,2021-02-02,Data 16,4.2,e71c2cc57218bf6a95fa058b7e60136f7b5f89da3e19c5ad18a33b986ff6ba47,2025-10-23T06:50:53.460268Z
214,TUS,2021-02-02,Data 15,50.700001,cae12ed0e8c9f50ee85f93666dc5c5b56863cb626699cdef69c877a9c926f10c,2025-10-23T06:50:53.460284Z
215,TUS,2021-02-02,Data 14,37.900002,eaeb00deca2c75ad29a4588d8432fcd20b6189a03d3806fb79ee84c4a5ababd1,2025-10-23T06:50:53.460300Z
216,TUS,2021-02-02,Data 12,10.0,161b210f4eb4a3a79b5a10ac416bfc16bed0d276fc1360726b0240552d3cf4e6,2025-10-23T06:50:53.460315Z
217,TUS,2021-02-02,Data 17,627.0,facc54d46b87cad666f2a7adeaf5c5b81954f2c3c7f988defcd3b57aa2c4e9fe,2025-10-23T06:50:53.460331Z
218,CT,2021-02-02,Data 17,265.899994,20ae8644d7c9dd2dc88ad5f32ea258c49f131b5e0bb98b77e13fca38b7b0a1e5,2025-10-23T06:50:53.460347Z
219,TUS,2021-02-02,Data 19,0.986577,815923fee93660f4e877b76b785d73bf4adb8c9cfe5fc754e98ac90d6e00f200,2025-10-23T06:50:53.460363Z
220,TUS,2021-02-02,Data 18,0.958716,5c43b901f7539f91533ad544e21d4f6ba453d28b8c90e23d262c8f184d0ea2df,2025-10-23T06:50:53.460379Z
221,CT,2021-02-02,Data 19,0.965517,eb70c2c37a7ea1d3bc8a1355183e65ab48c07906cc3d12d9a22869c47cf8537e,2025-10-23T06:50:53.460395Z
222,CT,2021-02-02,Data 18,0.981181,be96f151ba16b02260d6edc0dddf83a42f5e9f6945dd3f7fde65677366c7d528,2025-10-23T06:50:53.460411Z
223,CT,2021-02-02,Data 22,5.876364,18c45a44e2e0236bb8a826173b532efdb86a82dde1f535a9498ffdc1c32031d8,2025-10-23T06:50:53.460426Z
224,CT,2021-02-02,Data 23,137.416519,a8a1addaaa4ff59e11bb725a389b28bf0e70cdb0844aacb6ebeefa5bc77cf4ec,2025-10-23T06:50:53.460443Z
225,CT,2021-02-02,Data 24,3.525818,ee468c97ee94650bb547b443823dfcc51a918b01b95fca156e75a15385b47759,2025-10-23T06:50:53.460458Z
226,CT,2021-02-02,Data 21,72.324478,b1232340257781a7fe7398e3a69ed379c26b7a7b3da360260033c2b30b87572d,2025-10-23T06:50:53.460474Z
227,CT,2021-02-02,Data 20,46.106857,0be804e3c6ec05d40e34f186b56d08273799432d76502c3c89d91556420030b0,2025-10-23T06:50:53.460490Z
228,TUS,2021-02-02,Data 22,25.160446,2b30c85436b59174bbef7181bad58d5c207896ae80a180097a90f2117937c5e5,2025-10-23T06:50:53.460506Z
229,TUS,2021-02-02,Data 23,33.657906,573e0272c5db9ad0574798bfed6f6165c2bd0560a3fa432a5ad0831775f30828,2025-10-23T06:50:53.460522Z
230,TUS,2021-02-02,Data 24,2.788229,952eb165aed9d84f33ac39a20862660d30cbe4f876ca2498713d19d7552788b2,2025-10-23T06:50:53.460538Z
231,TUS,2021-02-02,Data 21,2.655456,5e978190bdbf866cb5ad84c3f10dfb1bc20001090b7a4c32c74fce4c54032696,2025-10-23T06:50:53.460560Z
232,TUS,2021-02-02,Data 20,17.924328,0e1b61f18dd71c7a360bede5e3e7fa7241a7c820a4075fd6e45e6d401070ee88,2025-10-23T06:50:53.460576Z
233,CT,2021-02-03,Data 1,1.061,acfb04c0a3b353c158a078e96212c59513e1575a3591bcdeda08380f6f8c2536,2025-10-23T06:50:53.460591Z
234,CT,2021-02-03,Data 6,1.239,d16d4120eb2ef7ea5656d805bc03905e48c4d78c0ecffb8d836f0cb5ff948c28,2025-10-23T06:50:53.460605Z
235,TUS,2021-02-03,Data 1,0.0222,939cccf0fa52b9a3960b0285cc09c59ff22a4c8e268e581435ee588a163cff45,2025-10-23T06:50:53.460620Z
236,TUS,2021-02-03,Data 6,0.002,c24f371404dce4b374047e098d2367750a87f72045384035d1de259d33be2165,2025-10-23T06:50:53.460640Z
237,CT,2021-02-04,Data 1,1.089,c1a9718c3d95d3c77cbd3fa242e63978d4c4ab2bb42f42dad29c8fc688855aae,2025-10-23T06:50:53.460655Z
238,CT,2021-02-04,Data 6,1.216,91d1c88851a269e7d3cb0812155307480844409a9e2295b79348d22ca5b06cef,2025-10-23T06:50:53.460670Z
239,TUS,2021-02-04,Data 1,0.0,f7756e274d3fd23f0d94c05e1c88a1887be1a3f7bfa45dfab4108a7ca78e065a,2025-10-23T06:50:53.460684Z
240,TUS,2021-02-04,Data 6,0.0,f5836abbf77bb6219c16f5fda666f71c17f0bc3c56239a5ef5623693110f1c5f,2025-10-23T06:50:53.460699Z
241,CT,2021-02-05,Data 1,1.16,9c6337027d619a923766abcb86da9c74e097e34bfd76c04bebfad184e583d0e5,2025-10-23T06:50:53.460714Z
242,CT,2021-02-05,Data 6,1.195,d6193dbbbe6e69e8a3e0386f0572e03f91e0c88e9975e84e8f49363fe623298b,2025-10-23T06:50:53.460730Z
243,TUS,2021-02-05,Data 1,0.0,1b43c51c0b735ec19869f2e9dfef5590889a410666ffcf3f36e9f17032797ea7,2025-10-23T06:50:53.460745Z
244,TUS,2021-02-05,Data 6,0.0,eb2fecbde1fb76b40c4163073cb62cc3dd9a4b27b9a46c6c4a7a970a90d28866,2025-10-23T06:50:53.460761Z
245,CT,2021-02-06,Data 1,1.209,dd816739581dc9d644f432dce0a07159362de6f8a74f47e4f9ee6b738a391515,2025-10-23T06:50:53.460776Z
246,CT,2021-02-06,Data 6,1.258,79e962f6c8f5e4ec9cdda78a958ff4c1af9001ef1d8ff4ac941f7d5c97d62821,2025-10-23T06:50:53.460792Z
247,TUS,2021-02-06,Data 1,0.0,e69aa608a7d0423dfef0dcb7caac27bed2b245207ab93ec033a51f733b335f23,2025-10-23T06:50:53.460808Z
248,TUS,2021-02-06,Data 6,0.0,ed5034156907259e63c9e7d9d78eb7c50e9f92f44673dabfeb03d984d8c78c4b,2025-10-23T06:50:53.460824Z
249,CT,2021-02-07,Data 1,1.331,abe5c632155d27bf4a7adb50f9d37dfa31479081db5d064f2ae30e240c10c980,2025-10-23T06:50:53.460840Z
250,CT,2021-02-07,Data 6,1.281,38a62a2dab25ed031d08bfb06029b3e2da7bfc09569a7f73b75748572bb52491,2025-10-23T06:50:53.460855Z
251,TUS,2021-02-07,Data 1,0.0,c5d242e698a7344ac69dc1121958f58061d0e9014271c98c55984ffc4c1bd34a,2025-10-23T06:50:53.460871Z
252,TUS,2021-02-07,Data 6,0.0,709d9b11ed14f69a3e2750e862db09b8af6aee55f3cf05cd5f5ddc3eb74aa339,2025-10-23T06:50:53.460887Z
253,CT,2021-02-08,Data 1,1.127,100c5cfa0eae71f507af23dc145e20328e9773178f18e803511f0c79e69fd36f,2025-10-23T06:50:53.460902Z
254,CT,2021-02-08,Data 6,1.177,c5b0bc7710f6d88f96a5ca09705757e692b1e0eb75498deaca3dd02ff5d2d912,2025-10-23T06:50:53.460918Z
255,TUS,2021-02-08,Data 1,0.0624,7873910fb053d6098e27e4321f5cf0350002ab2f6e08128d5d9540f63867d311,2025-10-23T06:50:53.460934Z
256,TUS,2021-02-08,Data 6,0.0,339fdec47f04e4f45d08636c12b6b4d50079d0c8817a0a6ff667502e132e2117,2025-10-23T06:50:53.460950Z
257,CT,2021-02-09,Data 1,1.122,7cd0d9e2d88c3a770c197462e22d1f19188966db94442788e32df87ae2f59f25,2025-10-23T06:50:53.460966Z
258,CT,2021-02-09,Data 6,1.158,ff4d417ee02df7e78c40f4e48b2e9ea536ab6767540c47693bde2111f7cb94e2,2025-10-23T06:50:53.460981Z
259,CT,2021-02-09,Data 4,10.1,f17be96b8d52973ee07463c8c41f0ef200746f9b29603cb4e2ce04fe53437e27,2025-10-23T06:50:53.460997Z
260,CT,2021-02-09,Data 5,7.9,ba24e7412a9a4573d40ee48a26a4d97776a3109760cf3c2e31b6605ecdf9fbc7,2025-10-23T06:50:53.461013Z
261,CT,2021-02-09,Data 3,142.0,647e582a52d3e80b2d31c15ccf4475762f2fedb199583a7581c520204724cddf,2025-10-23T06:50:53.461028Z
262,CT,2021-02-09,Data 2,232.0,41541e49328cbcde914b8ac29de6f1ad452b03fecd381176c0680db027eece87,2025-10-23T06:50:53.461043Z
263,CT,2021-02-09,Data 9,11.3,616e0c01a88e972c1b54ec8d09448e68e08c7062509e451376317d110726b256,2025-10-23T06:50:53.461059Z
264,CT,2021-02-09,Data 10,7.95,c3d7f35bb7b2962ee98ce7fab38e6b71c74deb777d0591a612eefc757f520c93,2025-10-23T06:50:53.461075Z
265,CT,2021-02-09,Data 11,8.81,443fa0c548a45fb989e79465eeb1f01e95c4d7fc999504f3b98b1aace2a33429,2025-10-23T06:50:53.461090Z
266,CT,2021-02-09,Data 8,4.0,40f0948aa0170341e9cefeffc74684a20582225f536db6051194b4aca705f2ad,2025-10-23T06:50:53.461104Z
267,CT,2021-02-09,Data 7,6.4,40a9afa90e5f4ac5e3124b565c5d284e7b95fd0d2c10f21e4fb072bac0a5b0bd,2025-10-23T06:50:53.461119Z
268,CT,2021-02-09,Data 16,0.39,0cee746f970112a613feaf3f69fd1a13064e1ba7b3ac7feaf57a212d0549ef75,2025-10-23T06:50:53.461134Z
269,CT,2021-02-09,Data 15,2.2,13b917168ca74625cda89ac155aace566a2d82bae74d36f0e2cfe2174467cc6d,2025-10-23T06:50:53.461148Z
270,CT,2021-02-09,Data 14,0.42,d88fd6f3ddcd8998ebecfbb388efcd5795b80de9e84b17ba640eacc1ca6f1439,2025-10-23T06:50:53.461162Z
271,CT,2021-02-09,Data 12,10.0,bd3dc40b8ad64a3638288a60ecdb386061c0076afc9c5e2ff8c6f4032e9c7d8c,2025-10-23T06:50:53.461177Z
272,TUS,2021-02-09,Data 1,0.0685,6c9ac378e8c2ebb9b5cf630493c74c36fe7ee8e72dd5d91b6ca09643a4f778cb,2025-10-23T06:50:53.461191Z
273,TUS,2021-02-09,Data 6,0.0,db50c561ee624cb5899856c059fc5246e932591f09bea9cd688296187291f49a,2025-10-23T06:50:53.461207Z
274,CT,2021-02-09,Data 17,225.600006,2bfc6c590e4027b57cbbad07ab9bd5de52bf8baf55f0b7cef89cf785f6a48106,2025-10-23T06:50:53.461223Z
275,CT,2021-02-09,Data 19,0.971831,45d03309c20d5e72e1c0c7de317fcaef72599a652de2917b0ee31722f662a0c5,2025-10-23T06:50:53.461238Z
276,CT,2021-02-09,Data 18,0.972414,6cd0447644f84daa77852e625667bccd4ae05dc9c6eca203b31157add93952fa,2025-10-23T06:50:53.461254Z
277,CT,2021-02-09,Data 22,4.056242,79a5653fe8f2e6c934dfe7a13de4f2688e7a8fb852121bccd4ea37d6bd458c20,2025-10-23T06:50:53.461269Z
278,CT,2021-02-09,Data 23,21.246984,3e024771f7a9386975e972e32e39682f8754cc85cb9dbe28a10be84a2e1c2ae6,2025-10-23T06:50:53.461285Z
279,CT,2021-02-09,Data 24,3.766511,6d7b0e2cc3b37621a1731ae6c268b2f9326b08e25719863d25776c46e06efcb6,2025-10-23T06:50:53.461301Z
280,CT,2021-02-09,Data 21,38.630878,d67eb7563ab067deb6f86c345be41ab0ee613537c04688405aec7905abc6969a,2025-10-23T06:50:53.461316Z
281,CT,2021-02-09,Data 20,61.809406,311f15b8992ccf5954758c1954ecf63f97c7e4fb8ee135d05480eb98ec437dad,2025-10-23T06:50:53.461332Z
282,CT,2021-02-10,Data 1,1.094,a48233830f713881f11c97726ee6bc0d0eea51f741afa96318511e5593671cda,2025-10-23T06:50:53.461347Z
283,CT,2021-02-10,Data 6,1.145,c56c76e188743841e24bb760fe6d6def6837fd2eb27ace0e4603c3bf5a24dabe,2025-10-23T06:50:53.461363Z
284,TUS,2021-02-10,Data 1,0.1047,02e87c5375f284d37fb6a7d67599c019ad6ab31cb676a45f60a37d817feee75e,2025-10-23T06:50:53.461379Z
285,TUS,2021-02-10,Data 6,0.0332,37449ffcda66eee2195414d1afc5a346e4cf8dd828bd273a4bf0c8152819138b,2025-10-23T06:50:53.461394Z
286,CT,2021-02-11,Data 1,1.046,a4f17464b310cbe6bea2e31f18e2a29bc639499af8d7a9cb3d20d23423f036da,2025-10-23T06:50:53.461415Z
287,CT,2021-02-11,Data 6,1.113,96a8ce640cfa16a7f086de9b153cb3802de54da9d091fdb5b084bc5216418daa,2025-10-23T06:50:53.461431Z
288,TUS,2021-02-11,Data 1,0.1017,728fd2b9e2f3a72c379cf728c4973651253884f09873b5142c42dc28dbb967a8,2025-10-23T06:50:53.461447Z
289,TUS,2021-02-11,Data 6,0.0685,babd9e788b71f57c4ef2f0040191916704063723b34e8952c0ad62fa9460bb84,2025-10-23T06:50:53.461463Z
290,CT,2021-02-12,Data 1,1.042,860f32a2f606c3b42f7d9ba16151608439635d78603c27d1be14f77c73532d40,2025-10-23T06:50:53.461478Z
291,CT,2021-02-12,Data 6,1.083,e978a47dfd7654ca137e9f2b8fea45bd604eca836940da10ed939a20f6dd12b2,2025-10-23T06:50:53.461494Z
292,TUS,2021-02-12,Data 1,0.1098,8e6fcfd0265a13031bc622fad80ba1737ed0c4960d12accd6a9da3666563a383,2025-10-23T06:50:53.461510Z
293,TUS,2021-02-12,Data 6,0.0745,b4d4094acb39cc321c36a6c3ba4ea98f7d10df00563ad670d8d67be659feeab4,2025-10-23T06:50:53.461525Z
294,CT,2021-02-13,Data 1,1.032,0b2188e4cc4e4e68161c666747560c8e9eb87b2b772853d90976ec77d229a3fc,2025-10-23T06:50:53.461541Z
295,CT,2021-02-13,Data 6,1.064,98bafee16d79ac0647dcdb368a2236a627db3e155a0595e837d4c09cf8cf503a,2025-10-23T06:50:53.461573Z
296,TUS,2021-02-13,Data 1,0.138,17794e5d58136e6cd0d8af2f1bdb492f486a944dcf56e89c8566093690f956d4,2025-10-23T06:50:53.461592Z
297,TUS,2021-02-13,Data 6,0.0997,f3633f2184db67e2b8cd28d05a1808a9abb9c5d589716bd1086975566ff77286,2025-10-23T06:50:53.461607Z
298,CT,2021-02-14,Data 1,1.083,71243e63c8d3b4269c51d395add94607a96d4b83dc0af38562746c5f54733c90,2025-10-23T06:50:53.461621Z
299,CT,2021-02-14,Data 6,1.113,e5db11c434335a9937e38d54703d325fd7fb44e6a105c34c41fd4eab1b7b30bf,2025-10-23T06:50:53.461635Z
300,TUS,2021-02-14,Data 1,0.1561,4e9ac524227f455243b87a73e957ddf85090c150206ea7e35e89057fc618f871,2025-10-23T06:50:53.461650Z
301,TUS,2021-02-14,Data 6,0.1158,bee1adcaf33ef2c1f94a1d0f22adc0a49308989ef8b555765b121f8700ec9eaa,2025-10-23T06:50:53.461664Z
302,CT,2021-02-15,Data 1,1.048,91c0d18f1950c10f657872abd773de9f823fd6baca8d52afc6f1a5a55cdc77bb,2025-10-23T06:50:53.461679Z
303,CT,2021-02-15,Data 6,1.172,79fcff0b117a821fefb52cc0ec69c7177cd3d6a6b6ad780abcd24d88e83b60af,2025-10-23T06:50:53.461693Z
304,TUS,2021-02-15,Data 1,0.1631,49e6306068fe4937359b565931a341039053376f97a19fce266e831f3adaf148,2025-10-23T06:50:53.461707Z
305,TUS,2021-02-15,Data 6,0.1259,431c9470481ba4e12a41136171345e52cf2dd4e2cd56e9eb5311f7cae8bde666,2025-10-23T06:50:53.461722Z
306,CT,2021-02-16,Data 1,1.114,49b3fe987bf0ae677916916e40fbbafdf48b6b5600039a2a3bd573d2a239cfe0,2025-10-23T06:50:53.461737Z
307,CT,2021-02-16,Data 6,1.265,82f59211f94e4896e823b2abaa86d26d6c63bd24991607c3a4f247b08a41aff6,2025-10-23T06:50:53.461751Z
308,CT,2021-02-16,Data 4,11.2,c18ff220b3cc8c8c934c50d7404f9a729bf92a9bc60361aef93f2803bc3ef151,2025-10-23T06:50:53.461766Z
309,CT,2021-02-16,Data 5,8.02,8089225c9ea31e6d67620cb5174c1b8da1cc54e5d43258238059c70456d44172,2025-10-23T06:50:53.461780Z
310,CT,2021-02-16,Data 3,121.0,01963015169a75c58bccabbee74a4e138664174bee7f56eeff7c8d097340f3ea,2025-10-23T06:50:53.461795Z
311,CT,2021-02-16,Data 2,142.0,6d4c4c26fa64f63c433e61136184e96315bd79271be5bacbfceebec6788d27d8,2025-10-23T06:50:53.461812Z
312,CT,2021-02-16,Data 9,12.0,d9c40c1b9b2ddfa0eb9b3a73b12a9b57c56249ae18429b0d439062e3946ee30e,2025-10-23T06:50:53.461829Z
313,CT,2021-02-16,Data 10,8.29,d8c248bdf136615e3baa4080353d1915f194340f7ef6cba1b0f2ea39109cf525,2025-10-23T06:50:53.461845Z
314,CT,2021-02-16,Data 11,8.0,0a994a5b0b8d564a95269f347afe7a0fb4b83bea10836a7a9c654c22c23a9c19,2025-10-23T06:50:53.461860Z
315,CT,2021-02-16,Data 8,8.0,9f9415606d82c6f41adc6f61483ae3806d108fdb3aa3c2670a948c522d55a6c1,2025-10-23T06:50:53.461876Z
316,CT,2021-02-16,Data 7,13.9,8afb3d8c9c991767c49295dbd8aeff893e3e2ef57f2458c5ec7997d0c2d01c50,2025-10-23T06:50:53.461892Z
317,CT,2021-02-16,Data 16,0.5,facf9eb740ef7dd00492231d1cfe72c0e5890d7febb4ee23e538b187261bc169,2025-10-23T06:50:53.461908Z
318,CT,2021-02-16,Data 15,4.5,0bd731d9b5a70866bd381824250ca796a8adc861f616f1e102510ab84f12cbd8,2025-10-23T06:50:53.461925Z
319,CT,2021-02-16,Data 14,0.44,de9a228a65b28f4a004e19cef3d0ffefce6b8387800b708064afd39fa348953c,2025-10-23T06:50:53.461942Z
320,CT,2021-02-16,Data 12,31.0,efc70fe875d21d4be3a089eb6e1240e165e734c25aa4cfdec0f634ba78c7197a,2025-10-23T06:50:53.461957Z
321,TUS,2021-02-16,Data 1,0.1541,a884ef60e23337539e7648234cee4ec4a81bf99881cd05ad6de1fd50fac65c0a,2025-10-23T06:50:53.461973Z
322,TUS,2021-02-16,Data 6,0.1208,36f6474a8223319519ef3259b32f33677dd86668324cfb9b7ab040911aa2b91c,2025-10-23T06:50:53.461992Z
323,TUS,2021-02-16,Data 16,0.11,7a75e14a2195c38c71a62e13cae32f47809b7de409fd9207e692f22df80286e5,2025-10-23T06:50:53.462007Z
324,TUS,2021-02-16,Data 15,1.9,6b097163b53a20481da4495e29846155105c461abf95075d7b9597856e68c1d2,2025-10-23T06:50:53.462023Z
325,TUS,2021-02-16,Data 14,0.12,516f202d2d35f21b4435d10f3892aae35b62f93fe289d2077433e7e2a6b949a5,2025-10-23T06:50:53.462039Z
326,CT,2021-02-16,Data 17,128.100006,8d3a9a3352daa7c6e8d6f1513643714427b5b99c3926c7e890658bf2730ac34b,2025-10-23T06:50:53.462061Z
327,CT,2021-02-16,Data 18,0.902113,f198aa5905cab9450ad39a5840e04a65aecd9dc099b722e20699d17bcf73cc68,2025-10-23T06:50:53.462076Z
328,CT,2021-02-16,Data 19,0.933884,a70586b963b53dc828afce2c1f265e34a2eb9d1326434a49de7f4e5b968d09a1,2025-10-23T06:50:53.462091Z
329,CT,2021-02-16,Data 22,4.642044,15fef84f1f6c1627fd67b13961839526b485f7e5e32d6566f116f0e3b8be6b59,2025-10-23T06:50:53.462106Z
330,CT,2021-02-16,Data 23,47.475449,dadc673ce026f7844e518f3a4ba67c7da6e91a73ae056263126c1589136c3241,2025-10-23T06:50:53.462120Z
331,CT,2021-02-16,Data 24,5.27505,6cbfaaca0e7a25dca9a2e77a92cd7c48a65f807aad021974ad639f3fe90dd1c6,2025-10-23T06:50:53.462134Z
332,CT,2021-02-16,Data 21,84.400803,971a1102a01a7a1bfb96db551cc741a6b4873b88ddb6f02756d8ba166661bb31,2025-10-23T06:50:53.462149Z
333,CT,2021-02-16,Data 20,146.646393,ed74b2242e362b5013d276068ce82b5057c8d21fc984867f99eaeea7e7978598,2025-10-23T06:50:53.462178Z
334,TUS,2021-02-16,Data 22,0.120897,3868ca2429ec29f30bbd6d61c611f90ff1bfc0c8754abcd666169e47218219c0,2025-10-23T06:50:53.462193Z
335,TUS,2021-02-16,Data 23,1.914197,1a237f3d5abf4911c39489bef51fd8ff9753faab5009ac98628b5fd4f3be0745,2025-10-23T06:50:53.462207Z
336,TUS,2021-02-16,Data 24,0.110822,39d44cb6f679f9e87e831ebbc9f2d7332421bb72bb62286e3761ac9e4979d9b6,2025-10-23T06:50:53.462222Z
337,CT,2021-02-17,Data 1,1.018,c038b29f1662900f06bdfc7b0d4d2c4b894319258a56dd7abc18c92007d702d6,2025-10-23T06:50:53.462240Z
338,CT,2021-02-17,Data 6,1.088,564aa33af4e05ee0ec5cc4d895e123a68bc729ee8664664ae66a170a2279807f,2025-10-23T06:50:53.462254Z
339,TUS,2021-02-17,Data 1,0.144,a1f29f9c07f9ca8c246c5a92404cb4d10a7a832ea4f983786fcd1d5d6690362c,2025-10-23T06:50:53.462268Z
340,TUS,2021-02-17,Data 6,0.1207,f080e022b8be1c2d06585e7a36a91609ce911543af107dd969a18a96e4f75987,2025-10-23T06:50:53.462283Z
341,CT,2021-02-18,Data 1,1.013,5f6a770d1df786341c396fdd172690308150ad8a2a331e97801b02626069ec5f,2025-10-23T06:50:53.462297Z
342,CT,2021-02-18,Data 6,1.173,d4259b5d842650d4d63a23c2af78045d91da57cf77f81e9adc8927440570b41c,2025-10-23T06:50:53.462312Z
343,TUS,2021-02-18,Data 1,0.1611,631e685b8b70ccc54fba8178ec6ff2742dd0eb12c267a596f3de18698fa20c62,2025-10-23T06:50:53.462327Z
344,TUS,2021-02-18,Data 6,0.1289,1673899d8f9417364dbaa8310a19d1d13a0e6a8fdd173832c8737c9e4a727d6c,2025-10-23T06:50:53.462343Z
345,CT,2021-02-19,Data 1,1.022,06a15378ee1e1479f2d1b5b47b4356652bf2ebd146132ea7badfab4015bacf43,2025-10-23T06:50:53.462359Z
346,CT,2021-02-19,Data 6,1.129,1f99011e67bfe7184d909624c9df0ec03d5d8958922f04d602b0b524433ab0d8,2025-10-23T06:50:53.462375Z
347,TUS,2021-02-19,Data 1,0.138,d8cefa90471774ef92de3c5e8ccafd7690c857b4f5eeb48ac4ed3874d2db4b56,2025-10-23T06:50:53.462391Z
348,TUS,2021-02-19,Data 6,0.1077,916fb609c9d5222d966cbac727823e2da6a4ce143709afae96ffb41d1d8ecc0e,2025-10-23T06:50:53.462406Z
349,CT,2021-02-20,Data 1,1.0188,34385d3e26758df48b73b2b5283ee0afd47a2449616b159be2d48a7d7b3fbaa8,2025-10-23T06:50:53.462422Z
350,CT,2021-02-20,Data 6,1.08,b0d262c17246f565e8cc136dfaf591bceed26ec7695f73d013a6810b97ea294a,2025-10-23T06:50:53.462438Z
351,TUS,2021-02-20,Data 1,0.1541,ff387eb82b35c6f331833758dca6be386c2e9a6f97d2963715514aefc44313bd,2025-10-23T06:50:53.462453Z
352,TUS,2021-02-20,Data 6,0.1138,0d51faa3ba4e5d5252d4c62449875549c00682884c56ac7e089513c89322049a,2025-10-23T06:50:53.462469Z
353,CT,2021-02-21,Data 1,1.11,dfabaeaef03d7110e5d77cd9466921249ba347551b9e8477c4235056244d8e20,2025-10-23T06:50:53.462485Z
354,CT,2021-02-21,Data 6,1.129,476c13e13a14d430a83da3b8d49865862f35cc420baea59910fbf4cbc3fddcd4,2025-10-23T06:50:53.462500Z
355,TUS,2021-02-21,Data 1,0.1581,45bf85f65eb3cdf87e2f74210631a31508bc33bb6a2804cefdf1525a4d2f015a,2025-10-23T06:50:53.462516Z
356,TUS,2021-02-21,Data 6,0.1178,0ad38ea08e3f18c3b0e15027adbd4adf0e781370fae9be602899d79aa15c4251,2025-10-23T06:50:53.462532Z
357,CT,2021-02-22,Data 1,1.004,6d35b84ecbd700e692af8b4be399bb75d21ac433186450b1a6d1bf7801e7bea8,2025-10-23T06:50:53.462558Z
358,CT,2021-02-22,Data 6,1.172,af5b0f5926ec8c4dbe31f524824f912aa2a89cbf84a70fd70ae24c5e9eba8a20,2025-10-23T06:50:53.462578Z
359,TUS,2021-02-22,Data 1,0.1601,6244ccae4115ce4c35b30f0681f8b2a0e1947fc353277e2625584692db9e696a,2025-10-23T06:50:53.462595Z
360,TUS,2021-02-22,Data 6,0.1239,d6e2e5a0a44ce64200ff9b2c8ccf86d7a57f94db4a19edeb1374cab4b2e73543,2025-10-23T06:50:53.462609Z
361,CT,2021-02-23,Data 3,180.0,7dd2bc44a7ca5e11bcf75f39ecf972fc9e59e5670a0f00a2ea8320aea9169085,2025-10-23T06:50:53.462624Z
362,CT,2021-02-23,Data 2,200.0,ca29fc6c13e85faa524d32ebc8c07631cfec929aa68534457e89d69c50c1ea35,2025-10-23T06:50:53.462638Z
363,CT,2021-02-23,Data 9,11.5,c0a8dc19dbb9e1af326f770ff0c6de320f366a111edcca6b08096d80fa1c2f79,2025-10-23T06:50:53.462655Z
364,CT,2021-02-23,Data 10,7.39,dc46eb242cefeea6a25c1b8951aa3bd1beeb93d9ffcda2d3bdf86b4fbfa28b3c,2025-10-23T06:50:53.462670Z
365,CT,2021-02-23,Data 11,9.42,856e9b0d7808a3d27e2eafb41534d3022fd2cb23dd90e5606618616034cc841d,2025-10-23T06:50:53.462685Z
366,CT,2021-02-23,Data 8,0.0,19a5d14e23b89f21065e5ac4ae18509baf9b684ed6b06005600f311adc168853,2025-10-23T06:50:53.462700Z
367,CT,2021-02-23,Data 7,8.1,e409e56b17905ae09f336a60a2974a276f0d4b583dfcfba6d930fc01614b34db,2025-10-23T06:50:53.462715Z
368,CT,2021-02-23,Data 16,0.49,d54b317460812fd23a5bb6b98a087940e21ee45929bfd54732a132762aeeaeb2,2025-10-23T06:50:53.462732Z
369,CT,2021-02-23,Data 15,2.2,46130d8ec037753e6a46aff6052b80d985707c96d565b61d53a93b003b61dca3,2025-10-23T06:50:53.462748Z
370,CT,2021-02-23,Data 14,0.73,f8521002a8c0c424894bf98e326a2e3e92c13455240b10499da5f08812230696,2025-10-23T06:50:53.462764Z
371,CT,2021-02-23,Data 12,10.0,6af3ad5ae8537db15345e06adce9e3e5a834d12a2b195b8c3ea72380fd8e6940,2025-10-23T06:50:53.462779Z
372,CT,2021-02-23,Data 1,1.25,bf37ee4ca1ca31d11ef2016af59dcef9a42fe54f49e605ccfb1cc9b1b446509d,2025-10-23T06:50:53.462795Z
373,CT,2021-02-23,Data 6,1.373,37d44847eac3a6fd120c8ca0820e095f2b76b76279751a8cbd12c807df9c8edb,2025-10-23T06:50:53.462810Z
374,CT,2021-02-23,Data 4,10.3,76c6cccfb93c133523f5f8215bf355b23206e51fc38eb1c28483905871299489,2025-10-23T06:50:53.462826Z
375,CT,2021-02-23,Data 5,7.56,a1b584fea2118b390f7477ee1b6b017f895011562260b004810c8e34ab649dc1,2025-10-23T06:50:53.462842Z
376,TUS,2021-02-23,Data 15,8.6,8a5bc5742df74a075e904e4171f259e1d595563e928a7debf44437fbff4f3e00,2025-10-23T06:50:53.462857Z
377,TUS,2021-02-23,Data 14,0.044,0b0bc95f27fbfae3efc83d04f9982ae9c6b8e6c23d6c0ae8e4c3d6c2cfa358cf,2025-10-23T06:50:53.462872Z
378,TUS,2021-02-23,Data 1,0.14,2f8a9a40cc7cea4e6688a4008d4083731e6d98788b480b21f264e4d9907c09df,2025-10-23T06:50:53.462888Z
379,TUS,2021-02-23,Data 6,0.1068,0e96c9d4d8c29047d7d53c19b2bf456301f237c93f466c1150317ae4cd9e38f3,2025-10-23T06:50:53.462904Z
380,TUS,2021-02-23,Data 16,1.2,9dac9df528d98b86486d29bb1a52acb82c200855fdefcb871dff05c14fb62010,2025-10-23T06:50:53.462920Z
381,CT,2021-02-23,Data 17,191.899994,9ad7ad49d008a8e1bee80735300f0a95c63eef0f60f2a0244a9918ddaaa0a0bc,2025-10-23T06:50:53.462935Z
382,CT,2021-02-23,Data 18,0.9595,a3ff6425c7dde97bfaebbdb185ea059dd41b254fc68b0876470a277916709245,2025-10-23T06:50:53.462951Z
383,CT,2021-02-23,Data 19,1.0,25b0d58bcbbc0e32f6900b42faa082d873598c44cc1748c79486b62d0b5ab266,2025-10-23T06:50:53.462967Z
384,CT,2021-02-23,Data 22,8.359098,f3ad9320c57b2a04284eb10b708c664046fefaa385b067878687af9bb3a88f92,2025-10-23T06:50:53.462983Z
385,CT,2021-02-23,Data 23,25.191805,b169652a22d5a011fa298202e3ac4f643c187e44bc6857742983c2a5c1cabbe3,2025-10-23T06:50:53.462999Z
386,CT,2021-02-23,Data 24,5.610902,fa297f7683a43d26c47043567b0c3dde5e4929d610ca5bad039b9298724fcfd3,2025-10-23T06:50:53.463014Z
387,CT,2021-02-23,Data 21,0.0,e4726eceae6d040cdc8b56b61f0ae3497845c215571f5f2cb9c882b79ae91e92,2025-10-23T06:50:53.463030Z
388,CT,2021-02-23,Data 20,92.75164,343d5181ecc781fcce1d9e8c0cc3baf9280d9bde137cbbeb62e1a7d9779a3d73,2025-10-23T06:50:53.463047Z
389,TUS,2021-02-23,Data 22,0.039191,a98cf30e7348bd612c0a3d7787457bf105508946d764dcfa43d6ee1aa4c5deb1,2025-10-23T06:50:53.463062Z
390,TUS,2021-02-23,Data 23,7.660123,7ea7476a5f17968eda3d1430aeb9ac341c79165396700cb449465e8965ecbced,2025-10-23T06:50:53.463078Z
391,TUS,2021-02-23,Data 24,1.068854,e71882a460def8eec0a802f9ca843614ead53a8c104290ae15dff0ed6c98285f,2025-10-23T06:50:53.463093Z
392,CT,2021-02-24,Data 1,1.231,4bd6e1f1f7a428b59c85e77adb4c36f65192fbbe76ccd0983febada76244d5ed,2025-10-23T06:50:53.463108Z
393,CT,2021-02-24,Data 6,1.239,a904a36faeba3012a959f00fc2c5b2926172b6c75fb598cfdbf4524814fb862d,2025-10-23T06:50:53.463122Z
394,TUS,2021-02-24,Data 1,0.148,d617ac18c20a1ca06c019794b02ee1e25807631da2641fcc4321d51abdb6179e,2025-10-23T06:50:53.463136Z
395,TUS,2021-02-24,Data 6,0.1138,8ae0f12526b16a2d56ae2e25a33e9dbb87827010288ef5c113c274e639548d7d,2025-10-23T06:50:53.463156Z
396,CT,2021-02-25,Data 1,1.122,71bb69390941b2c58cb2760ac22830294714334dafab2e0920c9c97341bed18a,2025-10-23T06:50:53.463171Z
397,CT,2021-02-25,Data 6,1.231,08cad6e681b7adae1e7aa0fb3472146631817b0bf37ea688b024e8ae9c956290,2025-10-23T06:50:53.463185Z
398,TUS,2021-02-25,Data 1,0.1581,7eceeacf3210ee0e28555c8384213ae3edef500453c95a4721f6fc3c949744ef,2025-10-23T06:50:53.463199Z
399,TUS,2021-02-25,Data 6,0.1208,0277a12279aeafa245d69d61537aaca4d3abea6ec042cbc5ea4a871765779e94,2025-10-23T06:50:53.463214Z
400,CT,2021-02-26,Data 1,1.037,b377d2ca111f97d39e23b8dec2a194becb255eeba5aa452c607f0621ad735621,2025-10-23T06:50:53.463230Z
401,CT,2021-02-26,Data 6,1.161,aa0201cabfddde9d42a0f56af570179170d63a7d10cb82179f1a58767406e304,2025-10-23T06:50:53.463246Z
402,TUS,2021-02-26,Data 1,0.1581,d2b019484b6af8c738120b8c4630fda09a3b7aa05ef88e6a17305a52feb5e203,2025-10-23T06:50:53.463262Z
403,TUS,2021-02-26,Data 6,0.1208,e6bb3448c6bc898d98dff61e11d7e6666e39948bcc4263cdef8a0be10935e67a,2025-10-23T06:50:53.463277Z
404,CT,2021-02-27,Data 1,1.183,b757ac65dde8302c83f6a9331f484a92edbcbae42eec52504c0536ee01503d99,2025-10-23T06:50:53.463293Z
405,CT,2021-02-27,Data 6,1.155,55ff973185fb8eca1ff6664d43d12e6e6a189babf0bf8904ddc0d611a12f14f9,2025-10-23T06:50:53.463309Z
406,TUS,2021-02-27,Data 1,0.1561,01dfbfaf77500e64c39bafe3bdcf7af530eee6beaecdbd9feb37967bab2fb7b3,2025-10-23T06:50:53.463325Z
407,TUS,2021-02-27,Data 6,0.1219,3c2ebbc13fb56ef82f99979e46a006a5c14446f88ed1f4760b34c056ef389941,2025-10-23T06:50:53.463341Z
408,CT,2021-02-28,Data 1,1.392,9c4b3572cce5bae5799fd911c7a065adcd2f65d7107ddbfa5581da55f6ba1bec,2025-10-23T06:50:53.463357Z
409,CT,2021-02-28,Data 6,1.443,dfa13d09478a37f8004da9b0eac8c1a37be79430574927acf0c63d200650c319,2025-10-23T06:50:53.463372Z
410,TUS,2021-02-28,Data 1,0.1621,be4fecf3a77e309ace016164e7879a513eda1b273d6b4b18e6b5b26a6a40f3d1,2025-10-23T06:50:53.463388Z
411,TUS,2021-02-28,Data 6,0.1309,ea0630f4ab71a07838292631055d9a5474fde6f6e19943f42f316748d8800f7d,2025-10-23T06:50:53.463404Z
412,CT,2021-03-01,Data 1,1.123,2d1dc1cb5133b2c89eab0fe1e66ca039c6119a51f45d12e02f8ca0d6ecf141de,2025-10-23T06:50:53.463420Z
413,CT,2021-03-01,Data 6,1.03,dedcf9c46c4b2ea2b8efd32251937f44d3bc3fa6e8f1bd5cb8e9d4eb7bad8ca1,2025-10-23T06:50:53.463435Z
414,TUS,2021-03-01,Data 1,0.1581,41a18ae5461dba04087aa859d20692b08fbf3ca559d5006a9302fda3304df1cc,2025-10-23T06:50:53.463451Z
415,TUS,2021-03-01,Data 6,0.1239,e1b151ec564ab91a52483591304421b034b361aadd11a492cefc37c8819c0f58,2025-10-23T06:50:53.463467Z
416,CT,2021-03-02,Data 1,1.21,0afda9df864285dc646620531474c56f821be1b0a5362780f4dc69de9758c2dc,2025-10-23T06:50:53.463482Z
417,CT,2021-03-02,Data 6,1.01,b378fb48e5304dba086883c96078c3b7b7f3c01317e8ada2cb7177af22acad18,2025-10-23T06:50:53.463498Z
418,CT,2021-03-02,Data 4,10.9,a0db1f82f6eb0a90a9c11abbe863f35c7ed8f22c65fcb65fb1fc54e27960cc06,2025-10-23T06:50:53.463513Z
419,CT,2021-03-02,Data 5,7.32,aea5baa1780430ebcc7f52b98079e2f2ba57fbaeb44a2855288eb7138055b2b1,2025-10-23T06:50:53.463529Z
420,CT,2021-03-02,Data 3,700.0,ca8285e590509985edd140350879946dc156ba88c75fc061d852d3bb65da1197,2025-10-23T06:50:53.463553Z
421,CT,2021-03-02,Data 2,315.0,74ab7e46f9d1f84d44f22bc780f85dad9e692601f43740b9b27ed95721b19e2c,2025-10-23T06:50:53.463572Z
422,CT,2021-03-02,Data 9,11.4,94a888ae23ac7ac4380775dc74d477f6548f0f2658803e5c5f44470ddf103040,2025-10-23T06:50:53.463588Z
423,CT,2021-03-02,Data 10,7.45,9c4c8fa7a303891bde6dc23688d7d3b9e19b8c53f58ff1ec1554117c158267de,2025-10-23T06:50:53.463603Z
424,CT,2021-03-02,Data 11,8.7,bec4be1b798bb36a27c18c388e12ad8de4d7acc638eb3e5d99700704ad2b5741,2025-10-23T06:50:53.463617Z
425,CT,2021-03-02,Data 8,4.0,202620e145326b848d1e2e2d5f80bd36574199971370d11e77825d237a5dd10d,2025-10-23T06:50:53.463632Z
426,CT,2021-03-02,Data 7,11.9,08db9f9737433d5ed04f10706f19d0224a7edb8f2b0fd9221171008b169aab8e,2025-10-23T06:50:53.463646Z
427,CT,2021-03-02,Data 16,0.49,fb1d63f7672e88cc8c8ba15e3a66eeffe144332c445b6a0c57ee1f61c213f207,2025-10-23T06:50:53.463661Z
428,CT,2021-03-02,Data 15,2.4,788068b1a54291f1a475f79cc21c3da4c500ae58badeb9326edada4a01440430,2025-10-23T06:50:53.463675Z
429,CT,2021-03-02,Data 14,0.63,066ea05778b5af89e6c5da00513e6024a33cdef6618d89d8be7f11463e08c09c,2025-10-23T06:50:53.463690Z
430,CT,2021-03-02,Data 12,10.0,7434f4bb37f55f84170cb5d66d6cbc554764678c3ee7ca6f7454dd626c535588,2025-10-23T06:50:53.463706Z
431,TUS,2021-03-02,Data 1,0.1903,1c1ed34d4318e283ae19a29d0b811a4e542068cc95646dbb3500775fb8c0b120,2025-10-23T06:50:53.463721Z
432,TUS,2021-03-02,Data 6,0.149,4013294b01cde0047fba47f15a205561f7911c31a95e1a78aa188c57a6f4fcb3,2025-10-23T06:50:53.463737Z
433,TUS,2021-03-02,Data 4,11.1,3ccbee458b2acd5f77abb4785477912865472141f6abe8dc8372620fc626df01,2025-10-23T06:50:53.463753Z
434,TUS,2021-03-02,Data 5,8.21,b10ea6f4ed6c5ec8fad330d4c3c661f7a79af00a7f8855caf561bed213e92ca1,2025-10-23T06:50:53.463769Z
435,TUS,2021-03-02,Data 3,98.0,b1f55901001e3ee443410ea196743fe472d3c92591294fe80e913482557ec319,2025-10-23T06:50:53.463784Z
436,TUS,2021-03-02,Data 2,144.0,19a123b520aa22ca7aedeef7bf076f8393ab67872e30a8a97b6aaa9135b08288,2025-10-23T06:50:53.463800Z
437,TUS,2021-03-02,Data 9,10.4,58e50bdbbb5b7f4700fa678119840d1dd64d72f5e24e567274540ab9d28ebda4,2025-10-23T06:50:53.463815Z
438,TUS,2021-03-02,Data 10,8.02,306afd3a15ee7d4983c6085f79ddc03933f33e1aabc02dd0ee0f0b77a940ddf1,2025-10-23T06:50:53.463831Z
439,TUS,2021-03-02,Data 11,8.46,f416b46f287fb800a3dc8d9f780b38035d35bf1eb688c7bb6aa9a8bbec143188,2025-10-23T06:50:53.463846Z
440,TUS,2021-03-02,Data 8,4.0,15bbb3171052fee3b161cb588c471f71e77343945b5bd384246960f3b25f7b0c,2025-10-23T06:50:53.463869Z
441,TUS,2021-03-02,Data 7,2.0,0b827c54368118ff0fa5e12a7a04fb60ce7abfb1ac8b2fcdab940c4795e03b55,2025-10-23T06:50:53.463885Z
442,TUS,2021-03-02,Data 16,4.9,491f9443ac3898eff400237e51cf0409ee0a18c4b525131a0a20c341dfa696a0,2025-10-23T06:50:53.463900Z
443,TUS,2021-03-02,Data 15,2.3,ce9bc0f5eab408ade1dc1da22f55121e84b5cd183c179041dfcaa81bf9a6ce73,2025-10-23T06:50:53.463917Z
444,TUS,2021-03-02,Data 14,0.0,61a27a52bcaa8196bfbb0b2455fbf5dc06d5fe8e33c5ce93bbfe40c83bd05359,2025-10-23T06:50:53.463932Z
445,TUS,2021-03-02,Data 12,10.0,1935fa2d9278812db0e1f0c801a47998aaf60f9db96b0b022a6ee8eed6e9627e,2025-10-23T06:50:53.463948Z
446,TUS,2021-03-02,Data 17,142.0,9c0a118a9782468f4a9372e6aa4466cfae2d75065f30ca81f5b0d8150cbbbbf1,2025-10-23T06:50:53.463964Z
447,CT,2021-03-02,Data 17,303.100006,e89035a107e67dcb099429a0598e2ae0290b6cd5181f5e9380ad1bb4e56a88ab,2025-10-23T06:50:53.463980Z
448,TUS,2021-03-02,Data 19,0.959184,c730f10dc32a4c2b10da7f125f229ef4d24803f4b18f80869d4dbc1c86cffe25,2025-10-23T06:50:53.463996Z
449,TUS,2021-03-02,Data 18,0.986111,5281c6f404fc3870a3806ed693aad8e540984335a485c0b458172818f9ed84f5,2025-10-23T06:50:53.464011Z
450,CT,2021-03-02,Data 19,0.994286,eac8fc055e281ad23bc2dfa676b40989bf2f5fff7a30cc720e878842529bd65d,2025-10-23T06:50:53.464027Z
451,CT,2021-03-02,Data 18,0.962222,a3055b198af97a58b4f69b5a3974dcedb14c6a2c1e58deaf74a536761a98e06f,2025-10-23T06:50:53.464043Z
452,CT,2021-03-02,Data 22,5.306742,290108b8693354c2da3c514efb585d64affb8fc77a9a793cf3dd197ee4e70287,2025-10-23T06:50:53.464059Z
453,CT,2021-03-02,Data 23,20.21616,f79cf1dd6408ceef389adb8a0c01322180cc201b7e30f585b9576188fe4557ee,2025-10-23T06:50:53.464075Z
454,CT,2021-03-02,Data 24,4.127466,554c3344bd839da5a0481312c33062672762d85ec5dc71a543a0dcf2329d9960,2025-10-23T06:50:53.464090Z
455,CT,2021-03-02,Data 21,33.6936,c8e55012629f3601e8ed6a787212465bf34f642ae8529e46a0fc1266a51170c8,2025-10-23T06:50:53.464105Z
456,CT,2021-03-02,Data 20,100.238457,a44fce8615c4bea1809c9915d7deabd6d3609f0b75c26e2432e599360a0b6644,2025-10-23T06:50:53.464119Z
457,TUS,2021-03-02,Data 22,0.0,7745774e74e56308a52b98ea74a451101c3d81da6819ad79b85ea9d61efbcd13,2025-10-23T06:50:53.464133Z
458,TUS,2021-03-02,Data 23,2.858118,e7a5f4ec7f632b3dd3372d89c4ebf6fb1539e370ebabb06438f4c48c68b6593d,2025-10-23T06:50:53.464148Z
459,TUS,2021-03-02,Data 24,6.089034,6a389b9f08274dfdf3412aa4725dc444d38ed714e821f59e31f0862403749fde,2025-10-23T06:50:53.464163Z
460,TUS,2021-03-02,Data 21,4.97064,cc1acd33b21f1944ee2473b298090c3372f1828d57fa90aab8de11affc285979,2025-10-23T06:50:53.464178Z
461,TUS,2021-03-02,Data 20,2.48532,cf736aa497121f93ba9c00bd92e3700d6bcd04a04a1675d89d1c468d53b12474,2025-10-23T06:50:53.464192Z
462,CT,2021-03-03,Data 1,1.3,0822630740d9209388046b82b7155294f7bcadd7a34d696a0efafbaac5047e81,2025-10-23T06:50:53.464208Z
463,CT,2021-03-03,Data 6,1.39,e2a4ca023d3262ff8e7d8648905624287c68d2db77b31b54f1ae1172d8ba9242,2025-10-23T06:50:53.464224Z
464,TUS,2021-03-03,Data 1,0.1913,5cf610a48ef3ab6393fc9df2cbff07b61f61687a788200678be8bc6af24d57b4,2025-10-23T06:50:53.464240Z
465,TUS,2021-03-03,Data 6,0.1531,38700eb094a14803d435c4afba6cbc7169e1575de29721096540b6da8a3a897c,2025-10-23T06:50:53.464256Z
466,CT,2021-03-04,Data 1,1.18,973d7a4a7ce972a65016b7f44f05cf5a8d5c394cb7a18d0f30a9bd86d2f1f854,2025-10-23T06:50:53.464271Z
467,CT,2021-03-04,Data 6,1.28,5abaec7a0d89c4652a1343ebe3168155dff1074806cc171de56ab902a51572b8,2025-10-23T06:50:53.464287Z
468,TUS,2021-03-04,Data 1,0.1853,fe78057ca9b931183dc25ea6523463e8a6d7b73e9cefb10f659dce9554aafdc0,2025-10-23T06:50:53.464314Z
469,TUS,2021-03-04,Data 6,0.149,9d1a965334f82e7a0437cb79534bb73ec8229ba0f6f97e9784d2194985809ee1,2025-10-23T06:50:53.464330Z
470,CT,2021-03-05,Data 1,1.28,f924bcc06e4340e80dca1f4cfa7f966e8d764667d4b8cb2ab53918776c4d8880,2025-10-23T06:50:53.464345Z
471,CT,2021-03-05,Data 6,1.36,eb14da94e03feaf155a38134abf1ad4b349f415eb41e0658427ea424117fca2b,2025-10-23T06:50:53.464361Z
472,TUS,2021-03-05,Data 1,0.1924,702b5090d6b4edac4fc522fbd110129e028ce6d9ce9dd406e53f8403badf44aa,2025-10-23T06:50:53.464377Z
473,TUS,2021-03-05,Data 6,0.1511,d94af5ab8d100657e2cead369b26a3713c04445bab6f5d3b524949d74335ea9f,2025-10-23T06:50:53.464392Z
474,CT,2021-03-06,Data 1,1.02,c79f5cc735994420a4bcd737106fd3e245711ba5a96aabbae332926e9a0af107,2025-10-23T06:50:53.464408Z
475,CT,2021-03-06,Data 6,1.21,e38c9ae2ccffae80897f9ebd67f245a49a77abeab002a33b69a249f79c4e5ef8,2025-10-23T06:50:53.464424Z
476,TUS,2021-03-06,Data 1,0.1883,031ea43256b36af00007679471f438015092950811cfcb5f293be6f90f9a3e00,2025-10-23T06:50:53.464439Z
477,TUS,2021-03-06,Data 6,0.1501,b6ccf0816c6347eaf64a6d05893dff54d29fe7919758ddfdcc01ce2be299a806,2025-10-23T06:50:53.464455Z
478,CT,2021-03-07,Data 1,1.01,792335e57838e19016a431bc0df0745f0d7bb80340eac18992f35601f0311846,2025-10-23T06:50:53.464471Z
479,CT,2021-03-07,Data 6,1.17,5f8347ddd82c20f27778db2730ce2e3f481093cb0c00d6d774342c030c1839ea,2025-10-23T06:50:53.464487Z
480,TUS,2021-03-07,Data 1,0.1863,c654c8924b6ceca8bc72c311608d0205548ab9c58a02490ebc727f572acc6311,2025-10-23T06:50:53.464502Z
481,TUS,2021-03-07,Data 6,0.145,a38d2e498434bf267fcac7baa86a71d13fe28d5f62076af8f8364466d027a907,2025-10-23T06:50:53.464518Z
482,CT,2021-03-08,Data 1,1.48,7412bc0655e4253d9e4184aef1e123d466b24dcf96ba87b4aad35aa229e841e5,2025-10-23T06:50:53.464537Z
483,CT,2021-03-08,Data 6,1.35,8a78083ab2c971c99ecaad39b4048ef33a0f4007ed66a2d59ec05dc4e3b76808,2025-10-23T06:50:53.464558Z
484,TUS,2021-03-08,Data 1,0.1853,dce9846fefe2e2a8b764bcdbb9dee2cc5e9ae5f9890e24bf0707d05479b6faca,2025-10-23T06:50:53.464574Z
485,TUS,2021-03-08,Data 6,0.144,9ecc3ba70a4790cd81af682767fb54b1df8f3c5b9fd55ef8017b2eff5f3a859d,2025-10-23T06:50:53.464590Z
486,CT,2021-03-09,Data 1,0.9,f16c3e5431fb426316d0561bfb0c728e99e80ba2c367c3fd7433635c8f4282de,2025-10-23T06:50:53.464604Z
487,CT,2021-03-09,Data 6,1.05,e174c6a4b0ec174e70b42fea0f842079dad6d7a1e4d19c15bbb2bd78518b3817,2025-10-23T06:50:53.464619Z
488,CT,2021-03-09,Data 4,11.3,a039b1708acd32225b772139dab47dcee1e05d5e552418dcf2903415c79f2bf1,2025-10-23T06:50:53.464633Z
489,CT,2021-03-09,Data 5,7.56,6b377483573bd8aff9ff92d3976fb3bf953cf392ac754b3785734a33c11fb679,2025-10-23T06:50:53.464647Z
490,CT,2021-03-09,Data 3,163.0,598d96db09b707e0951b53cc955ebf7a60913bfa7c162b7ce01da0e82e5e6e35,2025-10-23T06:50:53.464663Z
491,CT,2021-03-09,Data 2,238.0,1bb9ce2ffbc77a437381c8824664f6382449b09282b34ee487148e6cfe6fedbc,2025-10-23T06:50:53.464677Z
492,CT,2021-03-09,Data 9,12.3,578279cd148c61e983ab762f7dbf12f434583549960a758b2563e1be90eafa2f,2025-10-23T06:50:53.464692Z
493,CT,2021-03-09,Data 10,7.29,eda1929a05a093352c637cc01f75ab023f27f5406600b1ca1a99576b774ac29e,2025-10-23T06:50:53.464708Z
494,CT,2021-03-09,Data 11,8.42,a9a670738502da10cf1725bd5dfc46c711eef2e25884b48626122cb1dd4ae872,2025-10-23T06:50:53.464723Z
495,CT,2021-03-09,Data 8,4.0,001f4dec87dc4e0247bd95a746f4a32e54f950eca6d539be2e0805d020ef8db3,2025-10-23T06:50:53.464739Z
496,CT,2021-03-09,Data 7,7.1,a056e3eaa9083e764cdaa5cc636726eebc9622d43b67bacc0f23acf72f632e0a,2025-10-23T06:50:53.464755Z
497,CT,2021-03-09,Data 16,0.39,f8b8e447a41025e4bc3fdc1015a73b8f8d19b4ce30348168db54f8a3adf7be9c,2025-10-23T06:50:53.464771Z
498,CT,2021-03-09,Data 15,4.5,c8612c36b59fc7147226e1bf60a23f0fc7360a77a2f93663c506b3e8c4469dfe,2025-10-23T06:50:53.464786Z
499,CT,2021-03-09,Data 14,0.41,042a77bb2dad50a469bd9f996a3ab69b015e2a679e7c8f5b3061413882002410,2025-10-23T06:50:53.464802Z
500,CT,2021-03-09,Data 12,10.0,c007fae0cb0ca043a554716f5d9e5399f5dfd3af41bf5007028b6ef3c072101b,2025-10-23T06:50:53.464817Z
501,TUS,2021-03-09,Data 1,0.1964,e32c61d6c6cbe433bfe85c0610e314f3ea3cbec8cc61ff9fff7cc7230501292b,2025-10-23T06:50:53.464834Z
502,TUS,2021-03-09,Data 6,0.1561,ba23541923f53e53e5e553af235ab63c98d449d6d093b956c6413cc945cec51b,2025-10-23T06:50:53.464849Z
503,TUS,2021-03-09,Data 16,4.8,d7f0c30efee44a59bbe34ee4399d13b907878b38d51abc696866433fa95e3aa7,2025-10-23T06:50:53.464865Z
504,TUS,2021-03-09,Data 15,3.6,1c096f88e034e0fd3f27ee2b893e3fc10d3b71af9564d43d30c31b2a6d0adc2e,2025-10-23T06:50:53.464881Z
505,TUS,2021-03-09,Data 14,0.044,d3d324644418833439c5f2350f78158daf814def06ee51d92b63acd131764a75,2025-10-23T06:50:53.464896Z
506,CT,2021-03-09,Data 17,230.899994,1eb605b86d1c0899b1e222aa9f0479755a46aafd39b3e7b795840f26187cd62e,2025-10-23T06:50:53.464912Z
507,CT,2021-03-09,Data 19,0.97546,5a516f3cbac0f85bcc1e5758442db7cd2dc29a96d2d5d10dd8872e16e0b6dc24,2025-10-23T06:50:53.464928Z
508,CT,2021-03-09,Data 18,0.970168,64c8bde64317420671da3eae04a0f4c47bf7a74e4df75195d4477fbc61d95988,2025-10-23T06:50:53.464944Z
509,CT,2021-03-09,Data 22,3.59037,0258fb58fa225875ed2b8fb026e0ddf0434400207de2bc6c85167e7e0bef06f9,2025-10-23T06:50:53.464960Z
510,CT,2021-03-09,Data 23,39.406502,c453d85a2d756d558a0f5d544b69064c14db91f06fe6ec82d37edc5e77ee98ff,2025-10-23T06:50:53.464975Z
511,CT,2021-03-09,Data 24,3.41523,f5aefe0db3feaad2a9827f913a8cdc28d9ba6e3127b3dd9b29692b002a780047,2025-10-23T06:50:53.464991Z
512,CT,2021-03-09,Data 21,35.028,efc59e9e272e1ddaef7e9a5c762f3ac4ee1f9a02b9387c6f10d11e24ae2ab9a8,2025-10-23T06:50:53.465007Z
513,CT,2021-03-09,Data 20,62.174702,e36abe24f002c17505aad3acc5b424a22429c4e394f89d83a4a78ad38e37da03,2025-10-23T06:50:53.465023Z
514,TUS,2021-03-09,Data 22,0.057282,9cf1bf1facc75aa60626ce68bcd7c1b026c2be8ffa2f20849a625aafdf362319,2025-10-23T06:50:53.465038Z
515,TUS,2021-03-09,Data 23,4.686747,c8a8e0c938feb0c81b9a8a5c053328a4ae701f62a2a20495d50950d5ce0ad867,2025-10-23T06:50:53.465054Z
516,TUS,2021-03-09,Data 24,6.248995,27442f85750d0b3c6a09997ebe27601cce2a402e5e14b4a6d7bc58df4abcdc1f,2025-10-23T06:50:53.465070Z
517,CT,2021-03-10,Data 1,1.04,be077f7df52697fecfa610852e3c248164e2fe2f2ebbff5466588aac5fc9bcb8,2025-10-23T06:50:53.465085Z
518,CT,2021-03-10,Data 6,1.06,ae959dd083a5d2c681f5bb3f82a19b4f49e9c80266abfcffae5e1a38eca051f2,2025-10-23T06:50:53.465099Z
519,TUS,2021-03-10,Data 1,0.1893,b8e69759ecdc22e84b838b2c667c7bb51b230c82513452b0cde9acb513e2343b,2025-10-23T06:50:53.465114Z
520,TUS,2021-03-10,Data 6,0.1561,3c18951c0d6a18df38b5243f08218daec55681b23144a1885af4c055c8529a2f,2025-10-23T06:50:53.465128Z
521,CT,2021-03-11,Data 1,1.13,d542e6c9c591fa2b2eed5dc83735ae7c4e47c9b48b71fa3bdeb00efe8bf6cdb6,2025-10-23T06:50:53.465145Z
522,CT,2021-03-11,Data 6,1.38,dee539ccf081e771bc8e3974da6130b91d227eca3064afbefbb5858d8d3f4c1e,2025-10-23T06:50:53.465160Z
523,TUS,2021-03-11,Data 1,0.1742,5cf4fb886a7bd4f896308d51c8fad0ccd6c4f5a8e6678b75a24b88cc56f2e89d,2025-10-23T06:50:53.465174Z
524,TUS,2021-03-11,Data 6,0.136,0909eb3fda09dc0bd460bd684c656671b8311e90155d112f0a72957737aa8c88,2025-10-23T06:50:53.465189Z
525,CT,2021-03-12,Data 1,1.14,9d7bc26a61229638a40654ab90ba92339c5a42d93762466cea27ca09dfd458e3,2025-10-23T06:50:53.465204Z
526,CT,2021-03-12,Data 6,1.27,60cee63a636eeb6fffca3a58c01aef90c38b700d9b3fde4a5c41a3d5e68ceea9,2025-10-23T06:50:53.465220Z
527,TUS,2021-03-12,Data 1,0.1944,2daf128a56e7041e7f1aacf5139021692ef54d58397061d4a1e6215a0362e097,2025-10-23T06:50:53.465235Z
528,TUS,2021-03-12,Data 6,0.1521,9f34fe0896e89adc6aff1c83e0efd198abb3e253c16de6a806da72c012599a3e,2025-10-23T06:50:53.465254Z
529,CT,2021-03-13,Data 6,1.19,a34015b5c0f580c19ffa0120f6711b0e0100329ceb85c79f309831b0fce95f84,2025-10-23T06:50:53.465270Z
530,CT,2021-03-13,Data 1,1.03,7993b2c04bc8906b5e7f42ac27738d8c98e682fcf134d4fbb22648a92e58ac07,2025-10-23T06:50:53.465285Z
531,TUS,2021-03-13,Data 1,0.1863,ce9ee51d9dd95b9328227cccdb751b8acbd8d8e49cda4bea5f096059adcccf40,2025-10-23T06:50:53.465301Z
532,TUS,2021-03-13,Data 6,0.148,13d1a9241d52984397680fe0b8d04f27447125dd3da37432a02cdcef4a3cf555,2025-10-23T06:50:53.465316Z
533,CT,2021-03-14,Data 1,1.2,20734ed557f0e1c162c2329593f9fd7bb8da1bb62a62f96328d615b9267332d1,2025-10-23T06:50:53.465332Z
534,CT,2021-03-14,Data 6,1.23,c2ab29f7eb81eca35ee8bfe794181e9ffc72509a7016319604845213c3190486,2025-10-23T06:50:53.465347Z
535,TUS,2021-03-14,Data 1,0.1762,48ffa9cd6fcc3f5374659807bdbdda1376e0a73ddd9d89002119c623045e4827,2025-10-23T06:50:53.465363Z
536,TUS,2021-03-14,Data 6,0.14,20531a14dc56e74d1944f94a3ff4aaf2ebd3656c01492935aeebe427922467ca,2025-10-23T06:50:53.465378Z
537,CT,2021-03-15,Data 1,0.88,b04f40ebf77d81a3161d995c2c836dd7a8328b778b78a4236ce636c89365ac11,2025-10-23T06:50:53.465394Z
538,CT,2021-03-15,Data 6,0.94,31b5981ac885b337451e785815817ba34235059fb35fdb89e6ee3bc438e8469f,2025-10-23T06:50:53.465410Z
539,TUS,2021-03-15,Data 1,0.1903,2b7b6a81c999c17ff5890cc2bed985736386ba57626c11df497322330eaf66e1,2025-10-23T06:50:53.465425Z
540,TUS,2021-03-15,Data 6,0.1501,a7de94fdb9bc9e9e3657b41466a89b751fba9e69030fd9e18e9b4b82ceab2176,2025-10-23T06:50:53.465442Z
541,CT,2021-03-16,Data 1,0.86,6eba20ddcce943154564e90a312626faf9a2fbb5baaec3de9cd3db275caaf907,2025-10-23T06:50:53.465458Z
542,CT,2021-03-16,Data 6,1.03,6309f2132c794a3da0b89b39971bb0f59d25e41196f41d34596af72ded369f8f,2025-10-23T06:50:53.465473Z
543,CT,2021-03-16,Data 4,12.2,750c2ca731fab843ac419266483ed899d1a9e7bd8145e055f0134eca3a011ee5,2025-10-23T06:50:53.465489Z
544,CT,2021-03-16,Data 5,7.72,15e463984b1237e187b92b88a97e65bd55329239ea5190c37d439d2989483f5d,2025-10-23T06:50:53.465504Z
545,CT,2021-03-16,Data 3,204.0,4dddf6ccaa3863e3696eceee188d571f60e169861231322f03cf9d620af11eb1,2025-10-23T06:50:53.465520Z
546,CT,2021-03-16,Data 2,362.0,8d13fd639e5a5172fc1a4f4585b711edbd643382fd175e175d73c11f08344dcd,2025-10-23T06:50:53.465538Z
547,CT,2021-03-16,Data 9,13.3,e89443a244fe0cf297e6cb2a52637ca790038a14e158f28297e694f9bb403f57,2025-10-23T06:50:53.465563Z
548,CT,2021-03-16,Data 10,7.87,cf56c23dab15c29fe415701bb290fd669b4ab2f288d41406fef4de21dc067fde,2025-10-23T06:50:53.465582Z
549,CT,2021-03-16,Data 11,8.87,5d62e7521ce9829dbf37f16532fbfcc0ce4cef5add99cbaea35e55e47fb3ac8c,2025-10-23T06:50:53.465599Z
550,CT,2021-03-16,Data 8,4.0,2ef7efda9ce9208a0a9a7275902ac75bfd06b33ea491028458b59ba9a52cab3d,2025-10-23T06:50:53.465618Z
551,CT,2021-03-16,Data 7,4.0,3890733cbbb417ea691fbcc00aa62e8a90a7fd88956a18604f6481108505b3df,2025-10-23T06:50:53.465637Z
552,CT,2021-03-16,Data 16,0.46,830a2f9c20f1418dddddd2a31fe266c98b00446d718f6c7f49bbf2eaa14c4afe,2025-10-23T06:50:53.465657Z
553,CT,2021-03-16,Data 15,1.9,cd40845f5055b4826a7d88fcc1d838fe9537969e96685e5b2b93001ed63afbd2,2025-10-23T06:50:53.465675Z
554,CT,2021-03-16,Data 14,0.3,19449e013cf98bde4f6765f620ba66ec1a0af320ae9ab2d5cbb77fd04336d4a3,2025-10-23T06:50:53.465692Z
555,CT,2021-03-16,Data 12,10.0,0af362a38fd1e502f65a48042264fd995e0740095c6e046f06043c27af180758,2025-10-23T06:50:53.465706Z
556,TUS,2021-03-16,Data 1,0.1913,b6df67e67b31f3d8edbd7da9985a3015986c0333b3cd2585e67f71790cece479,2025-10-23T06:50:53.465720Z
557,TUS,2021-03-16,Data 6,0.1521,96f15bd304615843744a791f9516392afd17a508ff157abd701327dbea281a4c,2025-10-23T06:50:53.465735Z
558,TUS,2021-03-16,Data 16,4.8,f714db3d84eacdc0ac9cb2b2a38c0fb7efc9d75a007d31c7e1058130381e9557,2025-10-23T06:50:53.465751Z
559,TUS,2021-03-16,Data 15,3.6,426a2e8d3aa0f8e8a9f9bc28b8d0b94cd1e3e722972a6121428077bccb0baa60,2025-10-23T06:50:53.465766Z
560,TUS,2021-03-16,Data 14,0.064,82a0314e8fd4195c4b21fb057f248c8935244091f0c6d9b6a83e9d684e3b7fb9,2025-10-23T06:50:53.465782Z
561,CT,2021-03-16,Data 17,358.0,5cdb6e6e10df6062cdec2a569244f8c9204a7afe22b37e84a1f425bf0ef4a859,2025-10-23T06:50:53.465798Z
562,CT,2021-03-16,Data 19,0.980392,e27e1383bd28b9890e1c6e2b5c07a9e2d974357b79fe7dec45a992146316d279,2025-10-23T06:50:53.465813Z
563,CT,2021-03-16,Data 18,0.98895,efb3a14c61f43aaa459203ac1688ebaac7baaff2b30f3a7916db2afcb3ff2666,2025-10-23T06:50:53.465829Z
564,CT,2021-03-16,Data 22,2.57706,1e3c9f3aaa88f1e007e45ff210fa56e210a6752fc751093918fa170cb5c15172,2025-10-23T06:50:53.465844Z
565,CT,2021-03-16,Data 23,16.321381,67ae428e3f341e007a11671b125832213c44ca419cde5a610bd5e07486429a6c,2025-10-23T06:50:53.465860Z
566,CT,2021-03-16,Data 24,3.951492,473899a9f758a60efce018e68407e9dd0a171ab3ba182a4457c8a47fde4008c4,2025-10-23T06:50:53.465875Z
567,CT,2021-03-16,Data 21,34.360802,b6a6e99a1263e0fd3cc84efd3ca82dd9e9ecfd95c5f940e21a3d75ccdb476845,2025-10-23T06:50:53.465891Z
568,CT,2021-03-16,Data 20,34.360802,527e80f1cf5aeb1b3e9870880764429470bec9300264a6a1c520f55b33863b1a,2025-10-23T06:50:53.465906Z
569,TUS,2021-03-16,Data 22,0.081185,7428b327c346af5b87a9775b6b348780a191ceb7d79a08c1f1df0f23168e25a2,2025-10-23T06:50:53.465922Z
570,TUS,2021-03-16,Data 23,4.56665,d7893dbc9ad08d71072c94c17bc5419c59c321cffc56321e0b9d335d1be57c93,2025-10-23T06:50:53.465938Z
571,TUS,2021-03-16,Data 24,6.088867,49310d827eb2f4e592e2eca07f7a54af709ffef6d497cda07daaec83324357c6,2025-10-23T06:50:53.465953Z
572,CT,2021-03-17,Data 1,0.89,2b5c9912e8e7fa9e67d4aecd90040d7affb7d81ad2b3832a7c135a1b650823e8,2025-10-23T06:50:53.465969Z
573,CT,2021-03-17,Data 6,1.18,5e15113a43b931b9f146429f6c0ee233546fb647416a29effc551fa7b9311677,2025-10-23T06:50:53.465985Z
574,TUS,2021-03-17,Data 1,0.1551,adeacd0ef04dd94a3e194c95ae2acf96f6dc0ea7e64be9293ba652d4ed6c58ea,2025-10-23T06:50:53.466000Z
575,TUS,2021-03-17,Data 6,0.1269,c9e6580030d61b9ddcfe0e155080733a81072bde7b1eec07fabae1bf295f081a,2025-10-23T06:50:53.466016Z
576,CT,2021-03-18,Data 1,1.0,398c7029f7748b1202617383ee28392458f11d037b0e9040f3d95b9eed98048c,2025-10-23T06:50:53.466032Z
577,CT,2021-03-18,Data 6,1.11,78f6784b44042b40bf09a40adfdf530c0d37291d80476913c99455bae48ef253,2025-10-23T06:50:53.466047Z
578,TUS,2021-03-18,Data 1,0.136,e88ee154a41959fbe5999aad200aede36d58496b2d80a819c450f80ab5b0e030,2025-10-23T06:50:53.466063Z
579,TUS,2021-03-18,Data 6,0.1088,8c3706e104d317e6d0d0a67d720fc8032ffb6e8204980c8b732e5dda4a5f39fa,2025-10-23T06:50:53.466079Z
580,CT,2021-03-19,Data 1,1.08,8f5e2186731280341c3c11072d8d211070c1e9f96228e32c167f24c536c5d34d,2025-10-23T06:50:53.466094Z
581,CT,2021-03-19,Data 6,1.15,cd91012e6aebd41fee2e01550a190c58f63388898562cb1d8f9281b2fc95b329,2025-10-23T06:50:53.466108Z
582,TUS,2021-03-19,Data 1,0.148,4c1f1c046d095941bdfcd2766c32a47b0c992fa0364104486ed59743b6e1e1c7,2025-10-23T06:50:53.466123Z
583,TUS,2021-03-19,Data 6,0.1118,2205e06d9f693572f9b02d06d7d5e0e3fa365b0d0fa68dcfba6400136838060d,2025-10-23T06:50:53.466137Z
584,CT,2021-03-20,Data 1,0.95,14ecacc6ececd9c3db1237673e64506624806ae2ef5f400685ec7a8259524e4b,2025-10-23T06:50:53.466152Z
585,CT,2021-03-20,Data 6,1.12,56d53c47946561f05e9f5bba05827cca92d1e7e99166a5fd133dbc8e9f2d0adc,2025-10-23T06:50:53.466168Z
586,TUS,2021-03-20,Data 1,0.1551,500a8858d1baaa6a68af57bfbab513cef8fe41c67da80fd43485135da7f20856,2025-10-23T06:50:53.466184Z
587,TUS,2021-03-20,Data 6,0.1168,7397b538df65bb40226f46de8b48827d4553a09d9cc039cea690dc6a953befed,2025-10-23T06:50:53.466200Z
588,CT,2021-03-21,Data 1,1.02,b738237f299f7bc2dabd392a243be5488b5754e6bb4a2632507e2ade3d87e414,2025-10-23T06:50:53.466215Z
589,CT,2021-03-21,Data 6,1.08,c6ffbc175377bed0428322a97b1fdeaf0bf94b841a3cc858a17d09add14729ef,2025-10-23T06:50:53.466231Z
590,TUS,2021-03-21,Data 1,0.1591,7745deb258d4aeac1adb9fc0ec04440c9d7c6bf2976a97c4f1f0e65fca7ea7ed,2025-10-23T06:50:53.466246Z
591,TUS,2021-03-21,Data 6,0.1208,f0a5329a0e1729c47c4ff9db5a3b5ea5af2cff30ecc596352d06e8b84d95ade9,2025-10-23T06:50:53.466262Z
592,CT,2021-03-22,Data 1,1.25,056c93bde22ec3bb930f74e5807b5e16548de8a7f4da6d5706d4a9fca8d34820,2025-10-23T06:50:53.466280Z
593,CT,2021-03-22,Data 6,1.34,b1cb9c4e962570deb259e7392292b2383fb6dc5b6d4d815772d542123d22ff6d,2025-10-23T06:50:53.466296Z
594,TUS,2021-03-22,Data 1,0.1682,a435747d4cc46b6d1f8f257029f079b573dd02fc720ed47aef31fff08f81a9c1,2025-10-23T06:50:53.466312Z
595,TUS,2021-03-22,Data 6,0.1289,f16c518bf04de68ec93bbfa3f38bdd8c25b50ae48979c45e1bd7665a6399fbed,2025-10-23T06:50:53.466327Z
596,CT,2021-03-23,Data 1,0.98,1e90c5cdbf0c4187236e843009767a890c829318521b124aee3bf900b9dc890b,2025-10-23T06:50:53.466343Z
597,CT,2021-03-23,Data 6,0.95,8c8820973bac4f97fd2b713224e9b49bd0f2e86252a61028456af82b4f351fed,2025-10-23T06:50:53.466358Z
598,CT,2021-03-23,Data 4,12.3,6293ce7eddb2fd09ae5165603153b3361c30f0a576270c5cb3be94252b418927,2025-10-23T06:50:53.466374Z
599,CT,2021-03-23,Data 5,7.71,e564533df88cd80cd0082e0cb8a84ceb448f678d5ca470ae037a418fffe1cc43,2025-10-23T06:50:53.466390Z
600,CT,2021-03-23,Data 3,209.0,2d50dbfec16e8bec8498b1f4bd22a68dc163074cd9654b1938e053b458dc05f1,2025-10-23T06:50:53.466407Z
601,CT,2021-03-23,Data 2,265.0,ca9a0a3c380c11b311438c3405f9d34a49faaeec2134f705ab7af8ca3caef6a6,2025-10-23T06:50:53.466422Z
602,CT,2021-03-23,Data 9,13.3,2713282f42da39774e139aeaec5dff54fcaaaa5b5bed3fd374f7d588158e6c68,2025-10-23T06:50:53.466438Z
603,CT,2021-03-23,Data 10,7.87,3495d5e3db0993b41c112b69aba20bc4849faead684424017af439d80ecf2104,2025-10-23T06:50:53.466454Z
604,CT,2021-03-23,Data 11,9.94,3475c765bee588785ccff4500f5b73d8a5c69d0a01589c7363ea90a073367757,2025-10-23T06:50:53.466469Z
605,CT,2021-03-23,Data 8,8.0,7769206cf229696751b967a0ce119b06bf9ad8766e53b59a42f9708bf19331f9,2025-10-23T06:50:53.466485Z
606,CT,2021-03-23,Data 7,8.3,89d15f744fe1ac5be4b2a2ebb741936124fe696a98f9332bc3de3c6233ff0940,2025-10-23T06:50:53.466500Z
607,CT,2021-03-23,Data 16,0.6,cf9b41fb9289278b37ab0591e26f6ba0b94e6952d268a593f6283d3b7219e8a9,2025-10-23T06:50:53.466516Z
608,CT,2021-03-23,Data 15,4.1,86484374e0e993a1693dd0f15e70e92d24444481efd513925e26b876564a3fca,2025-10-23T06:50:53.466531Z
609,CT,2021-03-23,Data 14,0.36,1612cbbe84219b401f91051a420a0f478bb115242ca67c413460f4ad390db502,2025-10-23T06:50:53.466553Z
610,CT,2021-03-23,Data 12,10.0,b31186bb2e6041e415546f01ba47f65691035961c4a80cd63bd1207637abc44f,2025-10-23T06:50:53.466569Z
611,TUS,2021-03-23,Data 1,0.1692,7d7b96210a81c668b38a1615383e4eb930fb5bac05b8632ab6b316d61c2d84c3,2025-10-23T06:50:53.466584Z
612,TUS,2021-03-23,Data 6,0.1319,c209e2be3fc58265479054eceae7c767bf922b5c23ae4ae74035e0be13c49213,2025-10-23T06:50:53.466599Z
613,TUS,2021-03-23,Data 16,2.8,8ae1449d6d2915d8a41d28020139ea64a695e3d1ce08f70ca61428eb68304f3e,2025-10-23T06:50:53.466613Z
614,TUS,2021-03-23,Data 15,2.3,5f4f837a18a8c97365d8c514b2a1621ae85fff68b95a2b243ac27866534248da,2025-10-23T06:50:53.466627Z
615,TUS,2021-03-23,Data 14,0.044,58f1893bf21d8f74fdb3d2eff0de257eaa19284ebfcbb407ca2902d215107082,2025-10-23T06:50:53.466641Z
616,CT,2021-03-23,Data 17,256.700012,33b92853d4c8fe4f428c6f37187a6b0651dc9bfde73d796dedad96ed5b18c2e9,2025-10-23T06:50:53.466655Z
617,CT,2021-03-23,Data 19,0.961722,e59928e4f41a20acebf5c7dc5e1a241c76c1421b39e4d9b16da508c91fe9b20f,2025-10-23T06:50:53.466670Z
618,CT,2021-03-23,Data 18,0.968679,77276673fc88e870d38eabee3ab64cdbf4b2376c847edb7c5e500c977ac9e33e,2025-10-23T06:50:53.466687Z
619,CT,2021-03-23,Data 22,2.85228,b0b97d4b825a7ef623a34f5b307af794e3d002754b634a0d12b958b2e33ef612,2025-10-23T06:50:53.466711Z
620,CT,2021-03-23,Data 23,32.484299,cd55103cc046f0130a673c775579d6ee5414718f33eafb83a9d4b1a170cccd75,2025-10-23T06:50:53.466726Z
621,CT,2021-03-23,Data 24,4.7538,08a24145ae277f605c9d9edb83840f2bcc6ffa6a537d82296201796a9ed99f7f,2025-10-23T06:50:53.466742Z
622,CT,2021-03-23,Data 21,63.383999,dc5edff860cb402a2111046b969b1dcc34abe90eb93c7f18555ccc1a53c15d97,2025-10-23T06:50:53.466758Z
623,CT,2021-03-23,Data 20,65.760902,d7c4d04019a1ac62e2a3ed6e07c8c74475d9ad236584c954645ff9fd652efafa,2025-10-23T06:50:53.466773Z
624,TUS,2021-03-23,Data 22,0.048402,0794fb159bf5622df69b3a8ebc7ec4c3a29bd1680667bf31533df75c1064fad2,2025-10-23T06:50:53.466789Z
625,TUS,2021-03-23,Data 23,2.530106,cf2e05ae5f604bd34a16a874678c2a44c9189a007545e1a494a436a2233f9ac7,2025-10-23T06:50:53.466805Z
626,TUS,2021-03-23,Data 24,3.080129,b3e6edf2d9a52d09934486303b67a543882da33bdc22bdd148c9fb3d2e88c383,2025-10-23T06:50:53.466820Z
627,CT,2021-03-24,Data 1,0.85,98c0632a2d0c5a0d308fc4e554f302013b936c686909f01bfb511b72acd152f0,2025-10-23T06:50:53.466836Z
628,CT,2021-03-24,Data 6,1.48,855a8cf266c55a16b7742c91455623b10adc48b3bc06c60e17920d55730c8159,2025-10-23T06:50:53.466861Z
629,TUS,2021-03-24,Data 1,0.1652,24e621520ff3c6e843db3d4b12aaf2ebd1dc7126e6daee750333ee2248fad2aa,2025-10-23T06:50:53.466877Z
630,TUS,2021-03-24,Data 6,0.141,ec5a0b0d80c525f7d8c51ed3e07034cea7abb9fb6cce8750350721581757eebe,2025-10-23T06:50:53.466893Z
631,CT,2021-03-25,Data 1,0.94,9d529002a22df56ecfe165740ecd8bbcd5710f63c015ca598b704d0410307f63,2025-10-23T06:50:53.466909Z
632,CT,2021-03-25,Data 6,1.07,710f6c32ce9439c872a1c83ef2c168f455f96d320af2b592101175cb52b58137,2025-10-23T06:50:53.466924Z
633,TUS,2021-03-25,Data 1,0.1601,433c81d5d49c65803cc877259879ba7ce91812cf2c8eca54d9b85f64188fd759,2025-10-23T06:50:53.466940Z
634,TUS,2021-03-25,Data 6,0.1329,a8c6dd46f6e04657f1934fbad2529da4e481357e247c3442093a5c8a30f423d0,2025-10-23T06:50:53.466955Z
635,CT,2021-03-26,Data 1,1.01,3a8a9659665473b72a1831aae09fba3b677e714502b820836a75c2b564bf9de5,2025-10-23T06:50:53.466970Z
636,CT,2021-03-26,Data 6,1.15,a8f132c41a6595f98231656ef98c117c890335a9b77459acfdd7d94d6f857b86,2025-10-23T06:50:53.466986Z
637,TUS,2021-03-26,Data 1,0.1551,7f65858067f7a0caeef02f55f24fa866c9f97a6ac9c34d52a086e885f4a18bd2,2025-10-23T06:50:53.467002Z
638,TUS,2021-03-26,Data 6,0.1219,bb255a768168decc5fa01f4dd0bdb960c7ed7a24577c76dcafeebce9e7285173,2025-10-23T06:50:53.467018Z
639,CT,2021-03-27,Data 1,0.88,1be97f1ea489fb93c7ad85a4e172ea236b1c991c44fb49e2bd3b041e4076ad76,2025-10-23T06:50:53.467033Z
640,CT,2021-03-27,Data 6,1.1,116fa7730d8456048fd0f755396a60b8789b1a6b2771f40e20c2a52b166cc8ff,2025-10-23T06:50:53.467049Z
641,TUS,2021-03-27,Data 1,0.1531,ec1e4400acb0fffaa20b985e8ebb8a0aa93f05ffe1ee98cc09bda35bf2627800,2025-10-23T06:50:53.467065Z
642,TUS,2021-03-27,Data 6,0.1158,490ceae0a47114e8a443fed0db762ceb6788ef487b89ab1f1be2278922f870e4,2025-10-23T06:50:53.467080Z
643,CT,2021-03-28,Data 1,1.0,eb97b931e9314ebae824633066106f13ff0de11d617de0c5fb2ab668ca2e9fae,2025-10-23T06:50:53.467095Z
644,CT,2021-03-28,Data 6,1.02,a00128eef89507589c023261ce9a240b01c17da4375e87b1271c0cd657bc2681,2025-10-23T06:50:53.467110Z
645,TUS,2021-03-28,Data 1,0.1593,1e156b4cbdfa320677bbc5e0e1195f576eed13f123a83e2e6f1486dbf251adc7,2025-10-23T06:50:53.467124Z
646,TUS,2021-03-28,Data 6,0.1269,14f2630bf4ec4513b0bc50f8833a0163189632359179f12c1213155f58ef4e2f,2025-10-23T06:50:53.467139Z
647,CT,2021-03-29,Data 1,1.31,3b7fbc1d7b16a47583964f13dfc12b31ac09dc6f90c78b62bb2c605ece3d4346,2025-10-23T06:50:53.467153Z
648,CT,2021-03-29,Data 6,1.39,fa80884581eb8bd4a764a6cb34af94345175eaba796219aa17b7c74ad7e9b4ea,2025-10-23T06:50:53.467169Z
649,TUS,2021-03-29,Data 1,0.1611,fbd96466484d1acb5579ac6a7ef525c61bf8931afbecf98f66e95921aafb7bea,2025-10-23T06:50:53.467185Z
650,TUS,2021-03-29,Data 6,0.1229,29c8577c7c47b6d3ad0ec69686d7226c560c0f2c887e99324e07bc2e5d15a050,2025-10-23T06:50:53.467201Z
651,CT,2021-03-30,Data 1,0.95,d2b1126e44e139bff58ec561ad750c561a469eedaaa3283711862c0963191dd4,2025-10-23T06:50:53.467217Z
652,CT,2021-03-30,Data 6,1.2,e33b763c9d554b130fb087280aed399abaf2b9d51c6e163458b4ab0045242f01,2025-10-23T06:50:53.467232Z
653,CT,2021-03-30,Data 4,13.2,5ef2336a42afc275cf7b864630ed39422c77bc1a57d8ac3d472c0e1f71ef1ace,2025-10-23T06:50:53.467248Z
654,CT,2021-03-30,Data 5,7.55,208e6ef6b4bf633371680f23c8754d60ff181e6a38a7396bfbebb951758109b3,2025-10-23T06:50:53.467263Z
655,CT,2021-03-30,Data 3,191.0,b0b5212adb5f5fda8308e2899b0860ba6b736f8cf63e394a058b90c433a1b54e,2025-10-23T06:50:53.467279Z
656,CT,2021-03-30,Data 2,174.0,93803847ad1cd091a7f846d419c80e97cf5a3827299693f8da0d2e33fcfa3e36,2025-10-23T06:50:53.467295Z
657,CT,2021-03-30,Data 9,14.8,2852592c6705b39c68041889be319fb95c29895985f4eecdfa61a128571c5341,2025-10-23T06:50:53.467315Z
658,CT,2021-03-30,Data 10,7.38,af8ee99e27ac4e06bd028e5aa9245f723a78be4365adcb9bc9ee7b4b611d6dc2,2025-10-23T06:50:53.467331Z
659,CT,2021-03-30,Data 11,9.95,1246446d53970c6b0297a115efc3c13c39ecbc84f9bd7fc02c44397829cfb287,2025-10-23T06:50:53.467347Z
660,CT,2021-03-30,Data 8,4.0,182f7c962bb47ee20030e1daee06c8ddc80dab3d244f6931eb89153eacbde9da,2025-10-23T06:50:53.467362Z
661,CT,2021-03-30,Data 7,4.1,a1b675e4aa35ff99044b2a198325aa7de64db37a976b0ccbfc511f87a205a270,2025-10-23T06:50:53.467378Z
662,CT,2021-03-30,Data 16,0.55,1cb3a240c996af5a6673baf984c7dc576c0cf8497d492dbaef8a69860c8ad74f,2025-10-23T06:50:53.467393Z
663,CT,2021-03-30,Data 15,5.1,c6ce746edd87242b695f60c1f67e056c70a318f019f66685b2a375cede388332,2025-10-23T06:50:53.467409Z
664,CT,2021-03-30,Data 14,0.28,f8e25450b806c4c2013ced8a68ed6b7f6d1f487e9abb98f3ffa891c78e27a8af,2025-10-23T06:50:53.467424Z
665,CT,2021-03-30,Data 12,10.0,32bef7782c5ea2c53c7a8777d3bc6cff4e4d80450a39be165c08a4c4adc99e14,2025-10-23T06:50:53.467440Z
666,TUS,2021-03-30,Data 1,0.1611,e7da655317e0d665555a2656bef08a4f498b77adbefc9ac7cc3d7df875aeb85f,2025-10-23T06:50:53.467455Z
667,TUS,2021-03-30,Data 6,0.1229,b4bfd6bc07a3ef85e72e79bc2cf473cf781ed9a03caa27a48fc9e8e5ee255b70,2025-10-23T06:50:53.467471Z
668,TUS,2021-03-30,Data 16,2.1,4c69d8331ddc0ce308969a82407c528795d563fc930bbe69ada0c81cc363ae41,2025-10-23T06:50:53.467486Z
669,TUS,2021-03-30,Data 15,2.1,fe861ad871dd9b01118723e430f909bcbe4227b8104a3fccb2990bd0fcde5ea4,2025-10-23T06:50:53.467502Z
670,TUS,2021-03-30,Data 14,0.04,c2c05e4bcbb6ff7dc25869e85f424b388fc7da1db9fd1437bfcc624a494cdb67,2025-10-23T06:50:53.467517Z
671,CT,2021-03-30,Data 17,169.899994,ac009e312e5a0b1c99680b4d91f8d3d434755e0e4f1d8cd802f4fd29fb73560a,2025-10-23T06:50:53.467533Z
672,CT,2021-03-30,Data 19,0.979058,302c4500dd884d332cbc1f26bdd79fbd2c9e6a6508fe1e9503e7aaa84c43465c,2025-10-23T06:50:53.467554Z
673,CT,2021-03-30,Data 18,0.976437,2f17672fa7dec0f6d9abc958dbd54ea9c5ca8f5e3c0f28286aa49a49bf6b1d92,2025-10-23T06:50:53.467571Z
674,CT,2021-03-30,Data 22,2.80224,9015fa693926a17cfd795809495e596ac893198d48b8efcb0ccbe37e5a3f1648,2025-10-23T06:50:53.467587Z
675,CT,2021-03-30,Data 23,51.040798,cc514fd1c4e53acef1701b631eeeeb1eb8904d769d5930ef5f38942ea9779a82,2025-10-23T06:50:53.467601Z
676,CT,2021-03-30,Data 24,5.5044,d3b4ff83891c9b779fcbb83d7b9c150b7a3e0785b48bee191a2f645cf20262fe,2025-10-23T06:50:53.467615Z
677,CT,2021-03-30,Data 21,40.032001,226a110c0f2aba19689763c4683bf5a3ee9480f4370910478e9cd2e90fb0f373,2025-10-23T06:50:53.467630Z
678,CT,2021-03-30,Data 20,41.032799,41473c44c388bedeb76e91b629d19da5d094fc1e1bd32e55424ec30d0b5891d8,2025-10-23T06:50:53.467645Z
679,TUS,2021-03-30,Data 22,0.040999,08864a721e641d8be22150c98e74eb400d82e2cdd1325d367d2423c6dd82d4a3,2025-10-23T06:50:53.467660Z
680,TUS,2021-03-30,Data 23,2.152471,b1d259a4235980995529c33f786df1c7d72a2b3ecf9e0e598da9e35aeaaac481,2025-10-23T06:50:53.467676Z
681,TUS,2021-03-30,Data 24,2.152471,9645942429adb331e53931e482e0bcab6ecdf4f242e99bd3e3cff2132f69099f,2025-10-23T06:50:53.467692Z
682,CT,2021-03-31,Data 1,0.97,4e75ba5b55f72c0b102e53086f2f3f7f7711c1a13eceb00c21c5b86f5d3897bb,2025-10-23T06:50:53.467731Z
683,CT,2021-03-31,Data 6,1.1,1501d8e548b61d053f771285d95b091d0a52419c9366bed991e6f9d35f5458b1,2025-10-23T06:50:53.467747Z
684,TUS,2021-03-31,Data 1,0.1621,9df37627e422afed3e80d756b2163dd4b2fef34a1e53affd4fbb1e1740dc7dc6,2025-10-23T06:50:53.467763Z
685,TUS,2021-03-31,Data 6,0.1309,a79316436c800280da6e49b8508c8a6739602ddc661920d2f3a376328ca6fc53,2025-10-23T06:50:53.467779Z
