Station_ID,Date_Time,PCode,Result
CT,2021-01-01,Data 1,13.993428306022466
CT,2021-01-01,Data 2,13.723471397657631
CT,2021-01-01,Data 3,14.531693250553328
CT,2021-01-01,Data 4,15.531726086101639
CT,2021-01-01,Data 5,
CT,2021-01-01,Data 6,19.534869458305817
CT,2021-01-01,Data 7,11.061051228130095
CT,2021-01-01,Data 8,14.08512008717193
CT,2021-01-01,Data 9,14.48392454313207
CT,2021-01-01,Data 10,11.173439510684403
CT,2021-01-01,Data 11,13.974337759331153
CT,2021-01-01,Data 12,17.628494665190548
CT,2021-01-02,Data 1,15.931297537843108
CT,2021-01-02,Data 2,13.548447399026928
CT,2021-01-02,Data 3,13.911234550949635
CT,2021-01-02,Data 4,16.22184517941973
CT,2021-01-02,Data 5,15.79872262016239
CT,2021-01-02,Data 6,17.416612500413446
CT,2021-01-02,Data 7,
CT,2021-01-02,Data 8,10.8845781420882
CT,2021-01-02,Data 9,15.645089824206378
CT,2021-01-02,Data 10,12.558312700057956
CT,2021-01-02,Data 11,13.343627902203139
CT,2021-01-02,Data 12,17.393722471738247
CT,2021-01-03,Data 1,14.476933159990821
CT,2021-01-03,Data 2,14.34273656237994
CT,2021-01-03,Data 3,14.76870343522352
CT,2021-01-03,Data 4,15.397792608821423
CT,2021-01-03,Data 5,16.078722458080424
CT,2021-01-03,Data 6,20.11424445243783
CT,2021-01-03,Data 7,12.648167938789591
CT,2021-01-03,Data 8,12.229835439167367
CT,2021-01-03,Data 9,
CT,2021-01-03,Data 10,16.223352577681737
CT,2021-01-03,Data 11,18.0619990449919
CT,2021-01-03,Data 12,18.862560238232398
CT,2021-01-04,Data 1,11.321564953554724
CT,2021-01-04,Data 2,13.38157524829757
CT,2021-01-04,Data 3,14.04165152430942
CT,2021-01-04,Data 4,15.628682046672365
CT,2021-01-04,Data 5,18.625051644788396
CT,2021-01-04,Data 6,20.712480057141647
CT,2021-01-04,Data 7,12.723272050095268
CT,2021-01-04,Data 8,11.709760490789751
CT,2021-01-04,Data 9,13.928347921780096
CT,2021-01-04,Data 10,18.129287311628012
CT,2021-01-04,Data 11,16.17409413647634
CT,2021-01-04,Data 12,16.401985299068265
CT,2021-01-05,Data 1,12.560656224324976
CT,2021-01-05,Data 2,14.714225143023492
CT,2021-01-05,Data 3,13.383012794213625
CT,2021-01-05,Data 4,14.996485912830927
CT,2021-01-05,Data 5,18.83080423540415
CT,2021-01-05,Data 6,18.65750221931937
CT,2021-01-05,Data 7,12.194155098696081
CT,2021-01-05,Data 8,14.937289981065778
CT,2021-01-05,Data 9,12.595893812245295
CT,2021-01-05,Data 10,14.344675706804464
CT,2021-01-05,Data 11,
CT,2021-01-05,Data 12,17.52211054435978
CT,2021-01-06,Data 1,10.169258515899172
CT,2021-01-06,Data 2,13.158709354469282
CT,2021-01-06,Data 3,14.677428576667982
CT,2021-01-06,Data 4,16.80810171362908
CT,2021-01-06,Data 5,17.51510078144553
CT,2021-01-06,Data 6,17.851108168467665
CT,2021-01-06,Data 7,8.162457569401917
CT,2021-01-06,Data 8,
CT,2021-01-06,Data 9,14.120460419882052
CT,2021-01-06,Data 10,19.926484224970572
CT,2021-01-06,Data 11,15.615278070437755
CT,2021-01-06,Data 12,17.603094684667226
CT,2021-01-07,Data 1,15.285645629030041
CT,2021-01-07,Data 2,15.503866065373549
CT,2021-01-07,Data 3,17.805588621872197
CT,2021-01-07,Data 4,13.196297874415439
CT,2021-01-07,Data 5,
CT,2021-01-07,Data 6,16.867404540794457
CT,2021-01-07,Data 7,8.898673137867736
CT,2021-01-07,Data 8,13.137125949612054
CT,2021-01-07,Data 9,12.161151531532393
CT,2021-01-07,Data 10,18.09986881003508
CT,2021-01-07,Data 11,14.433493415327526
CT,2021-01-07,Data 12,16.35587696758865
CT,2021-01-08,Data 1,14.62703443473934
CT,2021-01-08,Data 2,11.53827136713209
CT,2021-01-08,Data 3,11.785033530877545
CT,2021-01-08,Data 4,16.36926771706461
CT,2021-01-08,Data 5,17.519765588496846
CT,2021-01-08,Data 6,19.56364574355462
CT,2021-01-08,Data 7,13.043883131233795
CT,2021-01-08,Data 8,13.593969346466372
CT,2021-01-08,Data 9,12.639950556843019
CT,2021-01-08,Data 10,15.464507394322007
CT,2021-01-08,Data 11,
CT,2021-01-08,Data 12,15.571297163947264
CT,2021-01-09,Data 1,16.731549022289514
CT,2021-01-09,Data 2,14.947665841823575
CT,2021-01-09,Data 3,13.050636659545358
CT,2021-01-09,Data 4,17.574169207484903
CT,2021-01-09,Data 5,18.926752258488644
CT,2021-01-09,Data 6,18.825561853872998
CT,2021-01-09,Data 7,11.509223767994259
CT,2021-01-09,Data 8,11.492527671285021
CT,2021-01-09,Data 9,13.845796581171792
CT,2021-01-09,Data 10,15.682303949633287
CT,2021-01-09,Data 11,16.026003783755815
CT,2021-01-09,Data 12,19.907068154314633
CT,2021-01-10,Data 1,14.251334695530012
CT,2021-01-10,Data 2,
CT,2021-01-10,Data 3,12.858215003877776
CT,2021-01-10,Data 4,16.96494483048637
CT,2021-01-10,Data 5,
CT,2021-01-10,Data 6,19.428000988184184
CT,2021-01-10,Data 7,12.94647524914709
CT,2021-01-10,Data 8,12.854342174686254
CT,2021-01-10,Data 9,12.30641256386319
CT,2021-01-10,Data 10,11.970305550628272
CT,2021-01-10,Data 11,16.42818748826041
CT,2021-01-10,Data 12,14.508522442576023
CT,2021-01-11,Data 1,11.232285127597734
CT,2021-01-11,Data 2,14.307450211891055
CT,2021-01-11,Data 3,15.116417436892
CT,2021-01-11,Data 4,13.714059404338753
CT,2021-01-11,Data 5,19.166102486350553
CT,2021-01-11,Data 6,20.107604104069807
CT,2021-01-11,Data 7,13.03007053441732
CT,2021-01-11,Data 8,14.027571901824418
CT,2021-01-11,Data 9,15.030095372612095
CT,2021-01-11,Data 10,22.70546298130944
CT,2021-01-11,Data 11,17.908003526986406
CT,2021-01-11,Data 12,18.302782502611596
CT,2021-01-12,Data 1,11.454349570924856
CT,2021-01-12,Data 2,
CT,2021-01-12,Data 3,19.629317133347016
CT,2021-01-12,Data 4,12.265469614816503
CT,2021-01-12,Data 5,16.056136268421135
CT,2021-01-12,Data 6,20.177901193934733
CT,2021-01-12,Data 7,10.569392581480063
CT,2021-01-12,Data 8,14.35919549786935
CT,2021-01-12,Data 9,14.091143679807628
CT,2021-01-12,Data 10,13.696799304788366
CT,2021-01-12,Data 11,11.949714826684787
CT,2021-01-12,Data 12,17.372908629538856
CT,2021-01-13,Data 1,
CT,2021-01-13,Data 2,13.770527117066202
CT,2021-01-13,Data 3,16.009974557960913
CT,2021-01-13,Data 4,17.731510388340244
CT,2021-01-13,Data 5,16.050109377678087
CT,2021-01-13,Data 6,16.693341534852575
CT,2021-01-13,Data 7,9.47823209132991
CT,2021-01-13,Data 8,14.835723894109552
CT,2021-01-13,Data 9,18.244312394025265
CT,2021-01-13,Data 10,17.064930521102294
CT,2021-01-13,Data 11,
CT,2021-01-13,Data 12,15.584661068762438
CT,2021-01-14,Data 1,13.887638856292456
CT,2021-01-14,Data 2,15.549268106858673
CT,2021-01-14,Data 3,8.517465319861856
CT,2021-01-14,Data 4,13.95122471733142
CT,2021-01-14,Data 5,20.26482260786327
CT,2021-01-14,Data 6,
CT,2021-01-14,Data 7,14.882546578132231
CT,2021-01-14,Data 8,10.128275697641122
CT,2021-01-14,Data 9,12.036982697904097
CT,2021-01-14,Data 10,15.92420694852654
CT,2021-01-14,Data 11,16.13960416998004
CT,2021-01-14,Data 12,16.22937280627648
CT,2021-01-15,Data 1,16.172033632290706
CT,2021-01-15,Data 2,11.524369002346301
CT,2021-01-15,Data 3,14.696429809928834
CT,2021-01-15,Data 4,17.176634412969154
CT,2021-01-15,Data 5,17.561983735470065
CT,2021-01-15,Data 6,16.75460096035881
CT,2021-01-15,Data 7,10.821270486111576
CT,2021-01-15,Data 8,14.69920419404205
CT,2021-01-15,Data 9,15.799199750866501
CT,2021-01-15,Data 10,15.614599041753218
CT,2021-01-15,Data 11,14.342009978155854
CT,2021-01-15,Data 12,15.879637919606061
CT,2021-01-16,Data 1,12.958196812071703
CT,2021-01-16,Data 2,14.234654766617563
CT,2021-01-16,Data 3,16.094194762340074
CT,2021-01-16,Data 4,15.595614695132213
CT,2021-01-16,Data 5,18.65083269797606
CT,2021-01-16,Data 6,19.627019272001277
CT,2021-01-16,Data 7,14.610957614308658
CT,2021-01-16,Data 8,13.042007683265519
CT,2021-01-16,Data 9,14.648332704976884
CT,2021-01-16,Data 10,14.73971389126463
CT,2021-01-16,Data 11,14.363558633533055
CT,2021-01-16,Data 12,21.18477455137092
CT,2021-01-17,Data 1,15.316221747000135
CT,2021-01-17,Data 2,15.583325387925871
CT,2021-01-17,Data 3,14.97550645430617
CT,2021-01-17,Data 4,14.205491257028337
CT,2021-01-17,Data 5,18.9502394668355
CT,2021-01-17,Data 6,17.705885236995723
CT,2021-01-17,Data 7,12.82586290855125
CT,2021-01-17,Data 8,11.87255089439205
CT,2021-01-17,Data 9,14.489933142217446
CT,2021-01-17,Data 10,13.98611364925774
CT,2021-01-17,Data 11,15.057923388763355
CT,2021-01-17,Data 12,17.464099874715274
CT,2021-01-18,Data 1,10.103831317005351
CT,2021-01-18,Data 2,11.185072451246889
CT,2021-01-18,Data 3,13.563111557495128
CT,2021-01-18,Data 4,15.573105696576306
CT,2021-01-18,Data 5,18.71531924640404
CT,2021-01-18,Data 6,17.680122940073147
CT,2021-01-18,Data 7,11.96297372801522
CT,2021-01-18,Data 8,12.422682722159724
CT,2021-01-18,Data 9,14.64543712067618
CT,2021-01-18,Data 10,13.345538112895355
CT,2021-01-18,Data 11,15.782479703086285
CT,2021-01-18,Data 12,17.803423444197882
CT,2021-01-19,Data 1,13.448184963620834
CT,2021-01-19,Data 2,14.02518480156359
CT,2021-01-19,Data 3,15.049020348517885
CT,2021-01-19,Data 4,16.9959965824909
CT,2021-01-19,Data 5,21.306364915023114
CT,2021-01-19,Data 6,16.4653048742239
CT,2021-01-19,Data 7,16.379605866435345
CT,2021-01-19,Data 8,11.383403429289697
CT,2021-01-19,Data 9,9.752208551380386
CT,2021-01-19,Data 10,13.948489956638477
CT,2021-01-19,Data 11,16.68351195155432
CT,2021-01-19,Data 12,20.752341678431772
CT,2021-01-20,Data 1,11.203170657303284
CT,2021-01-20,Data 2,14.983838343013012
CT,2021-01-20,Data 3,12.359533585958715
CT,2021-01-20,Data 4,19.662917531708707
CT,2021-01-20,Data 5,19.358880241442574
CT,2021-01-20,Data 6,17.06164869579059
CT,2021-01-20,Data 7,8.573730941818244
CT,2021-01-20,Data 8,15.707744748330827
CT,2021-01-20,Data 9,13.770920309494764
CT,2021-01-20,Data 10,17.47563262394692
CT,2021-01-20,Data 11,16.010487399436368
CT,2021-01-20,Data 12,17.093961187529484
CT,2021-01-21,Data 1,12.099869057041513
CT,2021-01-21,Data 2,15.245699864694998
CT,2021-01-21,Data 3,15.240591263423799
CT,2021-01-21,Data 4,17.0288776681175
CT,2021-01-21,Data 5,13.931771658528756
CT,2021-01-21,Data 6,20.55535364379702
CT,2021-01-21,Data 7,15.102303951045046
CT,2021-01-21,Data 8,13.231349268585717
CT,2021-01-21,Data 9,18.121495849763974
CT,2021-01-21,Data 10,18.510681684886407
CT,2021-01-21,Data 11,17.290751899170296
CT,2021-01-21,Data 12,19.737263115064696
CT,2021-01-22,Data 1,15.116848973699176
CT,2021-01-22,Data 2,10.482521027153771
CT,2021-01-22,Data 3,14.461186331110884
CT,2021-01-22,Data 4,17.435084511591924
CT,2021-01-22,Data 5,20.257231091142582
CT,2021-01-22,Data 6,15.239797083570217
CT,2021-01-22,Data 7,8.593235121289691
CT,2021-01-22,Data 8,12.888904602206763
CT,2021-01-22,Data 9,9.865115799920247
CT,2021-01-22,Data 10,14.821759920974424
CT,2021-01-22,Data 11,16.733196492193695
CT,2021-01-22,Data 12,15.120240427345289
CT,2021-01-23,Data 1,12.874641805453656
CT,2021-01-23,Data 2,15.910284641002477
CT,2021-01-23,Data 3,13.939484763255118
CT,2021-01-23,Data 4,14.414254335475311
CT,2021-01-23,Data 5,16.785939280090883
CT,2021-01-23,Data 6,15.929515355161252
CT,2021-01-23,Data 7,
CT,2021-01-23,Data 8,13.070527103943457
CT,2021-01-23,Data 9,12.600548984014829
CT,2021-01-23,Data 10,15.427959821468445
CT,2021-01-23,Data 11,15.77534390061834
CT,2021-01-23,Data 12,16.558060800933553
CT,2021-01-24,Data 1,11.938997704778945
CT,2021-01-24,Data 2,12.84836351871064
CT,2021-01-24,Data 3,11.969617875602896
CT,2021-01-24,Data 4,18.73374853488905
CT,2021-01-24,Data 5,18.153113926111534
CT,2021-01-24,Data 6,18.622500309087073
CT,2021-01-24,Data 7,11.744164817038467
CT,2021-01-24,Data 8,11.088919118799149
CT,2021-01-24,Data 9,
CT,2021-01-24,Data 10,12.155492580804651
CT,2021-01-24,Data 11,14.706854231514946
CT,2021-01-24,Data 12,14.836903992771209
CT,2021-01-25,Data 1,16.374283270145128
CT,2021-01-25,Data 2,15.763279513898901
CT,2021-01-25,Data 3,15.154736615295237
CT,2021-01-25,Data 4,14.277431597343472
CT,2021-01-25,Data 5,14.925507691347088
CT,2021-01-25,Data 6,17.619322643832785
CT,2021-01-25,Data 7,13.852355095063283
CT,2021-01-25,Data 8,16.81883328094026
CT,2021-01-25,Data 9,11.202864852361717
CT,2021-01-25,Data 10,16.12593847338114
CT,2021-01-25,Data 11,14.698714861756345
CT,2021-01-25,Data 12,16.02574923247061
CT,2021-01-26,Data 1,13.097043255889654
CT,2021-01-26,Data 2,12.338099767177924
CT,2021-01-26,Data 3,14.52210390626718
CT,2021-01-26,Data 4,14.184872675916804
CT,2021-01-26,Data 5,15.846457338863335
CT,2021-01-26,Data 6,19.51078245165151
CT,2021-01-26,Data 7,12.19866461085845
CT,2021-01-26,Data 8,14.502774246743577
CT,2021-01-26,Data 9,12.674752482108307
CT,2021-01-26,Data 10,16.14119733718632
CT,2021-01-26,Data 11,12.744915124233675
CT,2021-01-26,Data 12,17.096169893322763
CT,2021-01-27,Data 1,14.277184917554749
CT,2021-01-27,Data 2,10.67695987546208
CT,2021-01-27,Data 3,13.696327784395681
CT,2021-01-27,Data 4,16.094797342632827
CT,2021-01-27,Data 5,19.01258561842888
CT,2021-01-27,Data 6,16.846216260953703
CT,2021-01-27,Data 7,13.059608355830566
CT,2021-01-27,Data 8,15.8831372413158
CT,2021-01-27,Data 9,15.15414425436108
CT,2021-01-27,Data 10,14.593909227914015
CT,2021-01-27,Data 11,16.742291746742616
CT,2021-01-27,Data 12,15.79202962656836
CT,2021-01-28,Data 1,13.1731795749458
CT,2021-01-28,Data 2,13.68864552921584
CT,2021-01-28,Data 3,15.675205324150404
CT,2021-01-28,Data 4,15.176246067755065
CT,2021-01-28,Data 5,17.788904284756594
CT,2021-01-28,Data 6,17.158031038359475
CT,2021-01-28,Data 7,13.742249406863385
CT,2021-01-28,Data 8,12.347952935664317
CT,2021-01-28,Data 9,9.923750929644292
CT,2021-01-28,Data 10,12.983827378165191
CT,2021-01-28,Data 11,16.036836758379103
CT,2021-01-28,Data 12,20.352874624550566
CT,2021-01-29,Data 1,14.658811162366979
CT,2021-01-29,Data 2,9.57772938198423
CT,2021-01-29,Data 3,12.042827508440316
CT,2021-01-29,Data 4,18.287508086413858
CT,2021-01-29,Data 5,18.26556373221257
CT,2021-01-29,Data 6,22.54138571560879
CT,2021-01-29,Data 7,11.081278200919511
CT,2021-01-29,Data 8,11.300311261070416
CT,2021-01-29,Data 9,14.143132474438785
CT,2021-01-29,Data 10,14.044685106469768
CT,2021-01-29,Data 11,18.0750798885158
CT,2021-01-29,Data 12,15.979967202290506
CT,2021-01-30,Data 1,12.460250129413257
CT,2021-01-30,Data 2,12.042472568435386
CT,2021-01-30,Data 3,16.513977233290703
CT,2021-01-30,Data 4,14.155669351644748
CT,2021-01-30,Data 5,17.8268698064474
CT,2021-01-30,Data 6,21.753591625116133
CT,2021-01-30,Data 7,8.442559502191443
CT,2021-01-30,Data 8,15.992088622978367
CT,2021-01-30,Data 9,14.55993725263964
CT,2021-01-30,Data 10,12.749021905403247
CT,2021-01-30,Data 11,16.218789589209784
CT,2021-01-30,Data 12,18.451533247797386
CT,2021-01-31,Data 1,11.419051089109375
CT,2021-01-31,Data 2,14.942936714271992
CT,2021-01-31,Data 3,18.186373253278795
CT,2021-01-31,Data 4,14.97756864713763
CT,2021-01-31,Data 5,15.020790359482838
CT,2021-01-31,Data 6,17.748426159800704
CT,2021-01-31,Data 7,12.11144982457739
CT,2021-01-31,Data 8,15.188383036941897
CT,2021-01-31,Data 9,13.683984202842021
CT,2021-01-31,Data 10,
CT,2021-01-31,Data 11,13.975791249479665
CT,2021-01-31,Data 12,13.69028665626846
CT,2021-02-01,Data 1,10.420078200517892
CT,2021-02-01,Data 2,11.409842455872768
CT,2021-02-01,Data 3,14.48081729727279
CT,2021-02-01,Data 4,12.993714093763788
CT,2021-02-01,Data 5,11.606226714116858
CT,2021-02-01,Data 6,17.891410266964375
CT,2021-02-01,Data 7,
CT,2021-02-01,Data 8,15.253130059095515
CT,2021-02-01,Data 9,13.462222618890339
CT,2021-02-01,Data 10,12.78694818251666
CT,2021-02-01,Data 11,21.146719606499722
CT,2021-02-01,Data 12,17.118436868028976
CT,2021-02-02,Data 1,13.396169521535711
CT,2021-02-02,Data 2,13.711279176152114
CT,2021-02-02,Data 3,14.934493459568003
CT,2021-02-02,Data 4,14.91315045773247
CT,2021-02-02,Data 5,16.49004556515829
CT,2021-02-02,Data 6,21.007985977165376
CT,2021-02-02,Data 7,14.492170384995259
CT,2021-02-02,Data 8,8.853219535183701
CT,2021-02-02,Data 9,11.184976610564357
CT,2021-02-02,Data 10,13.44436662481825
CT,2021-02-02,Data 11,
CT,2021-02-02,Data 12,19.54311018998832
CT,2021-02-03,Data 1,
CT,2021-02-03,Data 2,11.741896457565542
CT,2021-02-03,Data 3,13.950959467440452
CT,2021-02-03,Data 4,16.978749122455834
CT,2021-02-03,Data 5,16.51934920368373
CT,2021-02-03,Data 6,17.250358384900807
CT,2021-02-03,Data 7,11.27806766836184
CT,2021-02-03,Data 8,15.318659606728495
CT,2021-02-03,Data 9,
CT,2021-02-03,Data 10,14.380907121372019
CT,2021-02-03,Data 11,16.652266044484236
CT,2021-02-03,Data 12,14.497772847229394
CT,2021-02-04,Data 1,11.95455395896192
CT,2021-02-04,Data 2,16.098018451673777
CT,2021-02-04,Data 3,11.886741652952193
CT,2021-02-04,Data 4,17.212019902691278
CT,2021-02-04,Data 5,12.836141184232556
CT,2021-02-04,Data 6,21.392912736580076
CT,2021-02-04,Data 7,10.910161826382101
CT,2021-02-04,Data 8,13.79827222870414
CT,2021-02-04,Data 9,14.228455297324079
CT,2021-02-04,Data 10,
CT,2021-02-04,Data 11,16.615603537784118
CT,2021-02-04,Data 12,13.57966321468675
CT,2021-02-05,Data 1,13.341730876255884
CT,2021-02-05,Data 2,13.632033327294641
CT,2021-02-05,Data 3,
CT,2021-02-05,Data 4,14.443390549195374
CT,2021-02-05,Data 5,17.391690510195364
CT,2021-02-05,Data 6,16.043254444769936
CT,2021-02-05,Data 7,14.058311274651288
CT,2021-02-05,Data 8,
CT,2021-02-05,Data 9,14.51205946862775
CT,2021-02-05,Data 10,16.965381967891027
CT,2021-02-05,Data 11,12.31825153733671
CT,2021-02-05,Data 12,
CT,2021-02-06,Data 1,14.035318040938247
CT,2021-02-06,Data 2,12.548512373693068
CT,2021-02-06,Data 3,13.776964394016103
CT,2021-02-06,Data 4,13.186677806303555
CT,2021-02-06,Data 5,15.048253494045335
CT,2021-02-06,Data 6,20.10728359321568
CT,2021-02-06,Data 7,12.986635801761778
CT,2021-02-06,Data 8,13.369672247389747
CT,2021-02-06,Data 9,12.848724347524453
CT,2021-02-06,Data 10,15.244019629290722
CT,2021-02-06,Data 11,18.298546652571353
CT,2021-02-06,Data 12,15.593647149748225
CT,2021-02-07,Data 1,12.930023019006077
CT,2021-02-07,Data 2,17.54160127127102
CT,2021-02-07,Data 3,16.41550387091095
CT,2021-02-07,Data 4,14.875066448211465
CT,2021-02-07,Data 5,18.24361992443439
CT,2021-02-07,Data 6,14.859550560219088
CT,2021-02-07,Data 7,11.851133141799908
CT,2021-02-07,Data 8,14.241344195101355
CT,2021-02-07,Data 9,14.760395702011927
CT,2021-02-07,Data 10,16.221171490567645
CT,2021-02-07,Data 11,17.66784430909781
CT,2021-02-07,Data 12,17.918360158456874
CT,2021-02-08,Data 1,13.859236438265171
CT,2021-02-08,Data 2,14.415375374326223
CT,2021-02-08,Data 3,12.837886919183475
CT,2021-02-08,Data 4,18.106305706665808
CT,2021-02-08,Data 5,16.92088969228669
CT,2021-02-08,Data 6,19.36300139474525
CT,2021-02-08,Data 7,
CT,2021-02-08,Data 8,11.967910543565253
CT,2021-02-08,Data 9,13.131007545135368
CT,2021-02-08,Data 10,14.381655753062722
CT,2021-02-08,Data 11,18.511512251147042
CT,2021-02-08,Data 12,15.210785395560992
CT,2021-02-09,Data 1,15.893955768707466
CT,2021-02-09,Data 2,14.39310955302315
CT,2021-02-09,Data 3,15.534100531738517
CT,2021-02-09,Data 4,
CT,2021-02-09,Data 5,17.16456797855085
CT,2021-02-09,Data 6,20.130960750130704
CT,2021-02-09,Data 7,10.965423099799256
CT,2021-02-09,Data 8,15.81869488037116
CT,2021-02-09,Data 9,13.108994957198457
CT,2021-02-09,Data 10,17.906768954235403
CT,2021-02-09,Data 11,15.159626365808284
CT,2021-02-09,Data 12,16.436430782278986
CT,2021-02-10,Data 1,
CT,2021-02-10,Data 2,
CT,2021-02-10,Data 3,14.930630225226437
CT,2021-02-10,Data 4,16.46842946507304
CT,2021-02-10,Data 5,18.968644796953168
CT,2021-02-10,Data 6,17.57202231154898
CT,2021-02-10,Data 7,9.754555956875404
CT,2021-02-10,Data 8,13.764819492368101
CT,2021-02-10,Data 9,14.332904416426112
CT,2021-02-10,Data 10,15.984902528016297
CT,2021-02-10,Data 11,14.724520031497368
CT,2021-02-10,Data 12,15.938006089996364
CT,2021-02-11,Data 1,11.725225745386965
CT,2021-02-11,Data 2,16.378033062215103
CT,2021-02-11,Data 3,17.84100849597971
CT,2021-02-11,Data 4,14.858507412501048
CT,2021-02-11,Data 5,15.895553911438057
CT,2021-02-11,Data 6,19.26586363551102
CT,2021-02-11,Data 7,15.095010402660122
CT,2021-02-11,Data 8,16.591755346191043
CT,2021-02-11,Data 9,12.774422619031228
CT,2021-02-11,Data 10,14.224596880128033
CT,2021-02-11,Data 11,16.57173078144981
CT,2021-02-11,Data 12,17.66891357997405
CT,2021-02-12,Data 1,12.6461055450119
CT,2021-02-12,Data 2,12.403405510923093
CT,2021-02-12,Data 3,14.933746054252406
CT,2021-02-12,Data 4,19.589115727035576
CT,2021-02-12,Data 5,15.964777401927657
CT,2021-02-12,Data 6,18.447575903277798
CT,2021-02-12,Data 7,17.053864851747242
CT,2021-02-12,Data 8,11.938262454159359
CT,2021-02-12,Data 9,15.363782979252623
CT,2021-02-12,Data 10,18.693414651472068
CT,2021-02-12,Data 11,17.181309661384617
CT,2021-02-12,Data 12,19.217407161165816
CT,2021-02-13,Data 1,14.640964362394728
CT,2021-02-13,Data 2,15.014548062214596
CT,2021-02-13,Data 3,17.764317982075056
CT,2021-02-13,Data 4,17.297419775179286
CT,2021-02-13,Data 5,16.665763839366292
CT,2021-02-13,Data 6,18.293427372866645
CT,2021-02-13,Data 7,12.737346617745802
CT,2021-02-13,Data 8,12.213322375345278
CT,2021-02-13,Data 9,14.382198136039806
CT,2021-02-13,Data 10,15.092873096312298
CT,2021-02-13,Data 11,17.29096836228215
CT,2021-02-13,Data 12,21.32650944661092
CT,2021-02-14,Data 1,13.498767367421511
CT,2021-02-14,Data 2,17.15490655952695
CT,2021-02-14,Data 3,16.21579301943308
CT,2021-02-14,Data 4,16.373218246312717
CT,2021-02-14,Data 5,16.107132770898943
CT,2021-02-14,Data 6,18.388179985796615
CT,2021-02-14,Data 7,12.265939348293752
CT,2021-02-14,Data 8,11.599758370121654
CT,2021-02-14,Data 9,12.882156305456823
CT,2021-02-14,Data 10,
CT,2021-02-14,Data 11,19.131048058468682
CT,2021-02-14,Data 12,16.868499477854023
CT,2021-02-15,Data 1,10.103972199167512
CT,2021-02-15,Data 2,9.602388086759836
CT,2021-02-15,Data 3,12.957534365738574
CT,2021-02-15,Data 4,17.416712894598707
CT,2021-02-15,Data 5,14.43939120265821
CT,2021-02-15,Data 6,19.74491465656029
CT,2021-02-15,Data 7,13.300402355917322
CT,2021-02-15,Data 8,12.801648272441234
CT,2021-02-15,Data 9,10.948949658150521
CT,2021-02-15,Data 10,13.616183860237511
CT,2021-02-15,Data 11,15.51752788428734
CT,2021-02-15,Data 12,
CT,2021-02-16,Data 1,10.496921151619112
CT,2021-02-16,Data 2,16.887529208146518
CT,2021-02-16,Data 3,15.685450692755408
CT,2021-02-16,Data 4,16.913506438307568
CT,2021-02-16,Data 5,18.285445519735088
CT,2021-02-16,Data 6,
CT,2021-02-16,Data 7,12.39304233940294
CT,2021-02-16,Data 8,14.418007515177024
CT,2021-02-16,Data 9,12.64721539588146
CT,2021-02-16,Data 10,18.60188086582163
CT,2021-02-16,Data 11,16.256208829821578
CT,2021-02-16,Data 12,15.637896685050238
CT,2021-02-17,Data 1,
CT,2021-02-17,Data 2,10.220918538108938
CT,2021-02-17,Data 3,14.095387361501846
CT,2021-02-17,Data 4,11.152241346742088
CT,2021-02-17,Data 5,18.571600317301666
CT,2021-02-17,Data 6,
CT,2021-02-17,Data 7,10.066047713741574
CT,2021-02-17,Data 8,12.904577287716041
CT,2021-02-17,Data 9,13.992794921818863
CT,2021-02-17,Data 10,12.683270621614916
CT,2021-02-17,Data 11,15.558071652340672
CT,2021-02-17,Data 12,17.05377167798906
CT,2021-02-18,Data 1,
CT,2021-02-18,Data 2,12.636031504004404
CT,2021-02-18,Data 3,12.996759980210168
CT,2021-02-18,Data 4,15.43779941422809
CT,2021-02-18,Data 5,15.857642020434406
CT,2021-02-18,Data 6,19.145165562712318
CT,2021-02-18,Data 7,
CT,2021-02-18,Data 8,14.849267365825538
CT,2021-02-18,Data 9,14.119260739840348
CT,2021-02-18,Data 10,13.706126444588852
CT,2021-02-18,Data 11,17.790386440055464
CT,2021-02-18,Data 12,18.27034360336394
CT,2021-02-19,Data 1,15.634788131268651
CT,2021-02-19,Data 2,14.3951992093848
CT,2021-02-19,Data 3,18.4719276063305
CT,2021-02-19,Data 4,16.395821566925296
CT,2021-02-19,Data 5,15.697163992771102
CT,2021-02-19,Data 6,17.032228331891357
CT,2021-02-19,Data 7,13.045670976071
CT,2021-02-19,Data 8,11.852599992122842
CT,2021-02-19,Data 9,17.455086340201422
CT,2021-02-19,Data 10,15.872647339348065
CT,2021-02-19,Data 11,16.0760069563364
CT,2021-02-19,Data 12,17.24006265343652
CT,2021-02-20,Data 1,12.48524692515331
CT,2021-02-20,Data 2,10.662831852244821
CT,2021-02-20,Data 3,14.033627075401252
CT,2021-02-20,Data 4,19.147973526580067
CT,2021-02-20,Data 5,17.448903637119944
CT,2021-02-20,Data 6,20.094196605224308
CT,2021-02-20,Data 7,14.157361666862592
CT,2021-02-20,Data 8,12.922983060998586
CT,2021-02-20,Data 9,15.30464575682684
CT,2021-02-20,Data 10,11.8472156860315
CT,2021-02-20,Data 11,18.953080699451792
CT,2021-02-20,Data 12,19.760182708294902
CT,2021-02-21,Data 1,13.988060372565478
CT,2021-02-21,Data 2,14.521347531647814
CT,2021-02-21,Data 3,14.94889185801711
CT,2021-02-21,Data 4,18.34545803851873
CT,2021-02-21,Data 5,18.54339742129669
CT,2021-02-21,Data 6,12.302914758739849
CT,2021-02-21,Data 7,11.275118117193736
CT,2021-02-21,Data 8,10.760660210747712
CT,2021-02-21,Data 9,11.41063704855819
CT,2021-02-21,Data 10,17.32165357475704
CT,2021-02-21,Data 11,15.906158842241632
CT,2021-02-21,Data 12,17.95408165444624
CT,2021-02-22,Data 1,13.153643782120511
CT,2021-02-22,Data 2,11.43401555162286
CT,2021-02-22,Data 3,11.886836202680499
CT,2021-02-22,Data 4,15.143769678068175
CT,2021-02-22,Data 5,
CT,2021-02-22,Data 6,17.301484591363142
CT,2021-02-22,Data 7,11.356729897565234
CT,2021-02-22,Data 8,17.153495967121682
CT,2021-02-22,Data 9,16.060566908063684
CT,2021-02-22,Data 10,15.477578318053027
CT,2021-02-22,Data 11,15.856797481171872
CT,2021-02-22,Data 12,16.925555526980318
CT,2021-02-23,Data 1,14.46528015443116
CT,2021-02-23,Data 2,13.838566839782835
CT,2021-02-23,Data 3,16.832655349404963
CT,2021-02-23,Data 4,16.692976951795984
CT,2021-02-23,Data 5,21.176749409561456
CT,2021-02-23,Data 6,
CT,2021-02-23,Data 7,14.216365633475032
CT,2021-02-23,Data 8,10.920188145748938
CT,2021-02-23,Data 9,12.75246207860839
CT,2021-02-23,Data 10,18.828062707733572
CT,2021-02-23,Data 11,17.74013546137751
CT,2021-02-23,Data 12,17.99136377594521
CT,2021-02-24,Data 1,17.80683117047655
CT,2021-02-24,Data 2,13.884762405932829
CT,2021-02-24,Data 3,17.21105186591597
CT,2021-02-24,Data 4,18.37406061112076
CT,2021-02-24,Data 5,20.26686306460219
CT,2021-02-24,Data 6,15.707309213962624
CT,2021-02-24,Data 7,11.871723306814015
CT,2021-02-24,Data 8,13.657524820606962
CT,2021-02-24,Data 9,17.227422538117295
CT,2021-02-24,Data 10,15.907068603027959
CT,2021-02-24,Data 11,18.378940977849282
CT,2021-02-24,Data 12,14.544784369726015
CT,2021-02-25,Data 1,12.404872993280016
CT,2021-02-25,Data 2,16.75141362662324
CT,2021-02-25,Data 3,14.65385635143226
CT,2021-02-25,Data 4,16.031158095162937
CT,2021-02-25,Data 5,20.189010126449944
CT,2021-02-25,Data 6,16.306077303363345
CT,2021-02-25,Data 7,10.722076504620995
CT,2021-02-25,Data 8,10.353820413185003
CT,2021-02-25,Data 9,17.284030320272738
CT,2021-02-25,Data 10,17.01963417868527
CT,2021-02-25,Data 11,17.96353097398319
CT,2021-02-25,Data 12,16.350337232982756
CT,2021-02-26,Data 1,10.220855066472808
CT,2021-02-26,Data 2,10.709202506086216
CT,2021-02-26,Data 3,17.768545637021035
CT,2021-02-26,Data 4,17.12781824010472
CT,2021-02-26,Data 5,18.51785717957353
CT,2021-02-26,Data 6,18.56238284793875
CT,2021-02-26,Data 7,10.492070822266648
CT,2021-02-26,Data 8,12.438649846266452
CT,2021-02-26,Data 9,12.022817785698164
CT,2021-02-26,Data 10,12.792821365568457
CT,2021-02-26,Data 11,17.836633212004628
CT,2021-02-26,Data 12,13.858998792753646
CT,2021-02-27,Data 1,11.035025212923381
CT,2021-02-27,Data 2,13.550733700005951
CT,2021-02-27,Data 3,15.21075101229192
CT,2021-02-27,Data 4,13.33194901016359
CT,2021-02-27,Data 5,13.814012532936662
CT,2021-02-27,Data 6,18.880949475920797
CT,2021-02-27,Data 7,
CT,2021-02-27,Data 8,15.728280859947688
CT,2021-02-27,Data 9,14.244595006064568
CT,2021-02-27,Data 10,16.086596058072775
CT,2021-02-27,Data 11,14.59601662438649
CT,2021-02-27,Data 12,15.674198164898103
CT,2021-02-28,Data 1,10.51227352921743
CT,2021-02-28,Data 2,12.614189604408185
CT,2021-02-28,Data 3,14.410100643415944
CT,2021-02-28,Data 4,18.49548414534747
CT,2021-02-28,Data 5,15.329305893480486
CT,2021-02-28,Data 6,22.290298255546777
CT,2021-02-28,Data 7,13.267553761864196
CT,2021-02-28,Data 8,13.827598194902997
CT,2021-02-28,Data 9,14.08762294395822
CT,2021-02-28,Data 10,14.705995996743022
CT,2021-02-28,Data 11,14.885016429984333
CT,2021-02-28,Data 12,14.260394040841843
CT,2021-03-01,Data 1,11.392650864060538
CT,2021-03-01,Data 2,17.278233610888137
CT,2021-03-01,Data 3,16.13796615837055
CT,2021-03-01,Data 4,19.256793246257075
CT,2021-03-01,Data 5,15.836638172102713
CT,2021-03-01,Data 6,15.970486538614267
CT,2021-03-01,Data 7,12.068166936518452
CT,2021-03-01,Data 8,11.460053537882716
CT,2021-03-01,Data 9,14.467571823581496
CT,2021-03-01,Data 10,11.888208707592746
CT,2021-03-01,Data 11,12.012528714857089
CT,2021-03-01,Data 12,17.748113139695143
TUS,2021-01-01,Data 1,17.345144773675408
TUS,2021-01-01,Data 2,15.83803801873209
TUS,2021-01-01,Data 3,17.116653825043446
TUS,2021-01-01,Data 4,17.152010782824824
TUS,2021-01-01,Data 5,18.338721648072156
TUS,2021-01-01,Data 6,16.17257100619004
TUS,2021-01-01,Data 7,11.528940114820466
TUS,2021-01-01,Data 8,16.472186350420873
TUS,2021-01-01,Data 9,12.815374470654842
TUS,2021-01-01,Data 10,15.367183100610395
TUS,2021-01-01,Data 11,19.426195399958367
TUS,2021-01-01,Data 12,18.283433827279808
TUS,2021-01-02,Data 1,14.384098232980064
TUS,2021-01-02,Data 2,14.381767071594997
TUS,2021-01-02,Data 3,
TUS,2021-01-02,Data 4,18.913404633589167
TUS,2021-01-02,Data 5,16.428021078984102
TUS,2021-01-02,Data 6,16.337534092884443
TUS,2021-01-02,Data 7,9.327589253793407
TUS,2021-01-02,Data 8,15.015982653825088
TUS,2021-01-02,Data 9,15.777157209061928
TUS,2021-01-02,Data 10,20.985999034865582
TUS,2021-01-02,Data 11,17.16365871709513
TUS,2021-01-02,Data 12,17.802220693617716
TUS,2021-01-03,Data 1,14.534784628143806
TUS,2021-01-03,Data 2,15.643395612392027
TUS,2021-01-03,Data 3,15.650080486609182
TUS,2021-01-03,Data 4,15.48850968101431
TUS,2021-01-03,Data 5,18.056362314738255
TUS,2021-01-03,Data 6,18.981762006711595
TUS,2021-01-03,Data 7,12.949946082509712
TUS,2021-01-03,Data 8,15.635532598400575
TUS,2021-01-03,Data 9,15.02070523968676
TUS,2021-01-03,Data 10,13.37632753529968
TUS,2021-01-03,Data 11,
TUS,2021-01-03,Data 12,17.626057394029107
TUS,2021-01-04,Data 1,14.113299849794215
TUS,2021-01-04,Data 2,16.05938550871346
TUS,2021-01-04,Data 3,16.128948829620242
TUS,2021-01-04,Data 4,13.049066867292257
TUS,2021-01-04,Data 5,15.580610514317785
TUS,2021-01-04,Data 6,20.19985745999241
TUS,2021-01-04,Data 7,12.573114258139585
TUS,2021-01-04,Data 8,16.981452273699905
TUS,2021-01-04,Data 9,15.297334914404223
TUS,2021-01-04,Data 10,15.325828057763921
TUS,2021-01-04,Data 11,15.77319467291812
TUS,2021-01-04,Data 12,17.395060627023742
TUS,2021-01-05,Data 1,14.32114796209973
TUS,2021-01-05,Data 2,15.006092040306829
TUS,2021-01-05,Data 3,17.899108270882646
TUS,2021-01-05,Data 4,14.030204063100193
TUS,2021-01-05,Data 5,15.266242603169157
TUS,2021-01-05,Data 6,18.55046919621463
TUS,2021-01-05,Data 7,14.082925456409576
TUS,2021-01-05,Data 8,
TUS,2021-01-05,Data 9,
TUS,2021-01-05,Data 10,10.81791541571018
TUS,2021-01-05,Data 11,15.907511103495034
TUS,2021-01-05,Data 12,18.783608010805093
TUS,2021-01-06,Data 1,13.96938030165401
TUS,2021-01-06,Data 2,16.158582999202178
TUS,2021-01-06,Data 3,18.393143003328984
TUS,2021-01-06,Data 4,16.68294085394606
TUS,2021-01-06,Data 5,17.11343549761698
TUS,2021-01-06,Data 6,17.2303945719462
TUS,2021-01-06,Data 7,10.256197714137286
TUS,2021-01-06,Data 8,10.772877204246518
TUS,2021-01-06,Data 9,13.661854522680168
TUS,2021-01-06,Data 10,18.079809374792152
TUS,2021-01-06,Data 11,
TUS,2021-01-06,Data 12,17.024177183708595
TUS,2021-01-07,Data 1,18.314616426531007
TUS,2021-01-07,Data 2,13.788570153993323
TUS,2021-01-07,Data 3,18.603482578797596
TUS,2021-01-07,Data 4,20.123022393453706
TUS,2021-01-07,Data 5,18.919944285878234
TUS,2021-01-07,Data 6,17.64456926049579
TUS,2021-01-07,Data 7,12.269356897375783
TUS,2021-01-07,Data 8,
TUS,2021-01-07,Data 9,12.305747420940607
TUS,2021-01-07,Data 10,14.056771922978697
TUS,2021-01-07,Data 11,14.90617803463612
TUS,2021-01-07,Data 12,19.073305505054574
TUS,2021-01-08,Data 1,16.371408309325993
TUS,2021-01-08,Data 2,
TUS,2021-01-08,Data 3,17.992095371611633
TUS,2021-01-08,Data 4,15.486409822861079
TUS,2021-01-08,Data 5,17.354640322315728
TUS,2021-01-08,Data 6,18.498333967089906
TUS,2021-01-08,Data 7,
TUS,2021-01-08,Data 8,18.330004689802166
TUS,2021-01-08,Data 9,13.712963539239714
TUS,2021-01-08,Data 10,17.855680256162476
TUS,2021-01-08,Data 11,20.056936852825064
TUS,2021-01-08,Data 12,19.015671512579246
TUS,2021-01-09,Data 1,13.27009454091423
TUS,2021-01-09,Data 2,13.321580665321987
TUS,2021-01-09,Data 3,13.910381611957932
TUS,2021-01-09,Data 4,13.067286821247997
TUS,2021-01-09,Data 5,17.557492752828455
TUS,2021-01-09,Data 6,18.446373400222157
TUS,2021-01-09,Data 7,14.72094697671949
TUS,2021-01-09,Data 8,12.833845122862122
TUS,2021-01-09,Data 9,14.665756572427178
TUS,2021-01-09,Data 10,16.5651599009766
TUS,2021-01-09,Data 11,17.9819499032765
TUS,2021-01-09,Data 12,19.469755572099636
TUS,2021-01-10,Data 1,14.362043117407413
TUS,2021-01-10,Data 2,12.406336104088307
TUS,2021-01-10,Data 3,16.799375903505283
TUS,2021-01-10,Data 4,15.697286212416342
TUS,2021-01-10,Data 5,20.47656614286727
TUS,2021-01-10,Data 6,19.042543153472124
TUS,2021-01-10,Data 7,13.481506358977137
TUS,2021-01-10,Data 8,19.20336622836079
TUS,2021-01-10,Data 9,16.506683242209064
TUS,2021-01-10,Data 10,16.762316769765555
TUS,2021-01-10,Data 11,
TUS,2021-01-10,Data 12,15.551403527421268
TUS,2021-01-11,Data 1,13.581953485427949
TUS,2021-01-11,Data 2,13.2989590915814
TUS,2021-01-11,Data 3,19.33980900870281
TUS,2021-01-11,Data 4,17.78934305964596
TUS,2021-01-11,Data 5,20.393262973291304
TUS,2021-01-11,Data 6,
TUS,2021-01-11,Data 7,11.43020337383552
TUS,2021-01-11,Data 8,15.296560867687718
TUS,2021-01-11,Data 9,13.2250156443958
TUS,2021-01-11,Data 10,15.12508339935318
TUS,2021-01-11,Data 11,20.45392770246681
TUS,2021-01-11,Data 12,17.200727628770796
TUS,2021-01-12,Data 1,11.163268534133937
TUS,2021-01-12,Data 2,
TUS,2021-01-12,Data 3,12.94868737085981
TUS,2021-01-12,Data 4,19.525168206854364
TUS,2021-01-12,Data 5,16.89628370821511
TUS,2021-01-12,Data 6,24.116398571336504
TUS,2021-01-12,Data 7,16.08421990513575
TUS,2021-01-12,Data 8,18.012185776318248
TUS,2021-01-12,Data 9,17.048125051622925
TUS,2021-01-12,Data 10,17.185053898402366
TUS,2021-01-12,Data 11,15.363602233155385
TUS,2021-01-12,Data 12,17.993251085178095
TUS,2021-01-13,Data 1,15.392774894913432
TUS,2021-01-13,Data 2,16.910610417141022
TUS,2021-01-13,Data 3,13.71662177173299
TUS,2021-01-13,Data 4,16.612681081440563
TUS,2021-01-13,Data 5,17.8346386283146
TUS,2021-01-13,Data 6,18.756504983233434
TUS,2021-01-13,Data 7,10.95162635134159
TUS,2021-01-13,Data 8,17.708185132668376
TUS,2021-01-13,Data 9,14.547031802300337
TUS,2021-01-13,Data 10,14.08112152655304
TUS,2021-01-13,Data 11,20.769172611869216
TUS,2021-01-13,Data 12,21.086487056544378
TUS,2021-01-14,Data 1,14.281772493822407
TUS,2021-01-14,Data 2,11.463121268874296
TUS,2021-01-14,Data 3,15.067926996263516
TUS,2021-01-14,Data 4,13.810593865466409
TUS,2021-01-14,Data 5,19.027200213139434
TUS,2021-01-14,Data 6,17.934598320676177
TUS,2021-01-14,Data 7,12.944970189898727
TUS,2021-01-14,Data 8,17.544503193339487
TUS,2021-01-14,Data 9,13.79557587927644
TUS,2021-01-14,Data 10,16.937548512150048
TUS,2021-01-14,Data 11,18.53216055676938
TUS,2021-01-14,Data 12,20.453866447768615
TUS,2021-01-15,Data 1,13.799691847040094
TUS,2021-01-15,Data 2,14.592652499646068
TUS,2021-01-15,Data 3,15.547042216196946
TUS,2021-01-15,Data 4,17.734731013632356
TUS,2021-01-15,Data 5,20.985377137919045
TUS,2021-01-15,Data 6,18.457752797914864
TUS,2021-01-15,Data 7,8.151519479454116
TUS,2021-01-15,Data 8,15.768090792722099
TUS,2021-01-15,Data 9,15.133981434449744
TUS,2021-01-15,Data 10,17.0318784354082
TUS,2021-01-15,Data 11,13.874908286226916
TUS,2021-01-15,Data 12,16.94189464530741
TUS,2021-01-16,Data 1,15.588529359243655
TUS,2021-01-16,Data 2,12.491421153661502
TUS,2021-01-16,Data 3,16.932859964867053
TUS,2021-01-16,Data 4,16.928717035405032
TUS,2021-01-16,Data 5,16.5308168464039
TUS,2021-01-16,Data 6,17.37949512597124
TUS,2021-01-16,Data 7,10.968356362043206
TUS,2021-01-16,Data 8,14.123359699695943
TUS,2021-01-16,Data 9,15.352883110554451
TUS,2021-01-16,Data 10,15.265944321833356
TUS,2021-01-16,Data 11,14.855721976028786
TUS,2021-01-16,Data 12,12.157299033010785
TUS,2021-01-17,Data 1,14.873119608315335
TUS,2021-01-17,Data 2,16.80786968217239
TUS,2021-01-17,Data 3,17.238308522010396
TUS,2021-01-17,Data 4,21.114990939423397
TUS,2021-01-17,Data 5,17.634207117790318
TUS,2021-01-17,Data 6,21.74975283829637
TUS,2021-01-17,Data 7,11.70807164175093
TUS,2021-01-17,Data 8,12.401615986699493
TUS,2021-01-17,Data 9,15.245340631989592
TUS,2021-01-17,Data 10,19.24935691693912
TUS,2021-01-17,Data 11,16.41637746216891
TUS,2021-01-17,Data 12,14.873618382606686
TUS,2021-01-18,Data 1,15.766219554294318
TUS,2021-01-18,Data 2,14.844325605974396
TUS,2021-01-18,Data 3,16.597505816731374
TUS,2021-01-18,Data 4,15.496417899809632
TUS,2021-01-18,Data 5,18.226540821075528
TUS,2021-01-18,Data 6,16.123444043365268
TUS,2021-01-18,Data 7,16.746595552435092
TUS,2021-01-18,Data 8,16.1600961314293
TUS,2021-01-18,Data 9,15.135711021054806
TUS,2021-01-18,Data 10,17.70554735024444
TUS,2021-01-18,Data 11,15.712900335365076
TUS,2021-01-18,Data 12,20.059921635162322
TUS,2021-01-19,Data 1,13.330449335786918
TUS,2021-01-19,Data 2,14.192703073516007
TUS,2021-01-19,Data 3,14.089754841301295
TUS,2021-01-19,Data 4,17.84719813118692
TUS,2021-01-19,Data 5,18.048438913345517
TUS,2021-01-19,Data 6,21.824441110830858
TUS,2021-01-19,Data 7,10.875212943706241
TUS,2021-01-19,Data 8,14.856614194415297
TUS,2021-01-19,Data 9,17.3747721031295
TUS,2021-01-19,Data 10,21.17912728403723
TUS,2021-01-19,Data 11,17.388768603154674
TUS,2021-01-19,Data 12,17.293667414378625
TUS,2021-01-20,Data 1,14.336921952539228
TUS,2021-01-20,Data 2,17.635195071215918
TUS,2021-01-20,Data 3,18.63423013467973
TUS,2021-01-20,Data 4,16.76386294601784
TUS,2021-01-20,Data 5,20.593989093122218
TUS,2021-01-20,Data 6,18.954263875402237
TUS,2021-01-20,Data 7,14.681240053009105
TUS,2021-01-20,Data 8,15.093467136402758
TUS,2021-01-20,Data 9,14.216483701912356
TUS,2021-01-20,Data 10,14.155179631002994
TUS,2021-01-20,Data 11,19.434317041650992
TUS,2021-01-20,Data 12,21.042632103844902
TUS,2021-01-21,Data 1,14.80746018067322
TUS,2021-01-21,Data 2,14.951608787218168
TUS,2021-01-21,Data 3,13.641920417680396
TUS,2021-01-21,Data 4,19.37535877692313
TUS,2021-01-21,Data 5,18.566575743092283
TUS,2021-01-21,Data 6,18.482190052591847
TUS,2021-01-21,Data 7,14.742594594914488
TUS,2021-01-21,Data 8,11.308040639506503
TUS,2021-01-21,Data 9,
TUS,2021-01-21,Data 10,14.644510058950297
TUS,2021-01-21,Data 11,18.02781569931783
TUS,2021-01-21,Data 12,18.359163563879196
TUS,2021-01-22,Data 1,15.26944293712354
TUS,2021-01-22,Data 2,17.219399683912446
TUS,2021-01-22,Data 3,17.345147402405463
TUS,2021-01-22,Data 4,20.79976386979043
TUS,2021-01-22,Data 5,20.214161338573945
TUS,2021-01-22,Data 6,18.759237672092805
TUS,2021-01-22,Data 7,11.929343628092155
TUS,2021-01-22,Data 8,13.818933435391678
TUS,2021-01-22,Data 9,16.418903634278077
TUS,2021-01-22,Data 10,15.129027258860313
TUS,2021-01-22,Data 11,
TUS,2021-01-22,Data 12,19.230734968026105
TUS,2021-01-23,Data 1,12.12912259591081
TUS,2021-01-23,Data 2,17.171964232350064
TUS,2021-01-23,Data 3,16.734574626802683
TUS,2021-01-23,Data 4,20.676367353590244
TUS,2021-01-23,Data 5,17.961160788224536
TUS,2021-01-23,Data 6,18.39364043433145
TUS,2021-01-23,Data 7,10.892635161707291
TUS,2021-01-23,Data 8,
TUS,2021-01-23,Data 9,16.900615183947153
TUS,2021-01-23,Data 10,19.42122674516385
TUS,2021-01-23,Data 11,16.791101562925057
TUS,2021-01-23,Data 12,
TUS,2021-01-24,Data 1,14.140104326226362
TUS,2021-01-24,Data 2,17.32375660521638
TUS,2021-01-24,Data 3,14.145293731618851
TUS,2021-01-24,Data 4,17.47673796546957
TUS,2021-01-24,Data 5,19.95039525956486
TUS,2021-01-24,Data 6,20.00218833987969
TUS,2021-01-24,Data 7,7.593535414001526
TUS,2021-01-24,Data 8,15.355750639061815
TUS,2021-01-24,Data 9,16.022405199049963
TUS,2021-01-24,Data 10,18.747317090325915
TUS,2021-01-24,Data 11,20.22455651597729
TUS,2021-01-24,Data 12,20.629828907168093
TUS,2021-01-25,Data 1,14.150867277803185
TUS,2021-01-25,Data 2,11.796068376205664
TUS,2021-01-25,Data 3,20.34188543499563
TUS,2021-01-25,Data 4,16.648228375135325
TUS,2021-01-25,Data 5,18.087204892744907
TUS,2021-01-25,Data 6,22.390102080861507
TUS,2021-01-25,Data 7,11.515058828603904
TUS,2021-01-25,Data 8,
TUS,2021-01-25,Data 9,14.14139555096548
TUS,2021-01-25,Data 10,14.615158040252288
TUS,2021-01-25,Data 11,14.187365072656332
TUS,2021-01-25,Data 12,17.83378885474261
TUS,2021-01-26,Data 1,
TUS,2021-01-26,Data 2,
TUS,2021-01-26,Data 3,15.381581845900273
TUS,2021-01-26,Data 4,15.495687188818835
TUS,2021-01-26,Data 5,14.24965506070851
TUS,2021-01-26,Data 6,19.230052158294836
TUS,2021-01-26,Data 7,13.426393256475379
TUS,2021-01-26,Data 8,12.496061336522361
TUS,2021-01-26,Data 9,17.152014277197196
TUS,2021-01-26,Data 10,16.042623297343884
TUS,2021-01-26,Data 11,15.583186466179075
TUS,2021-01-26,Data 12,14.972571214774346
TUS,2021-01-27,Data 1,14.534253302022966
TUS,2021-01-27,Data 2,16.017450046459867
TUS,2021-01-27,Data 3,15.033877896633122
TUS,2021-01-27,Data 4,17.2935860239711
TUS,2021-01-27,Data 5,21.22444125651085
TUS,2021-01-27,Data 6,20.793678631731062
TUS,2021-01-27,Data 7,8.69636919734139
TUS,2021-01-27,Data 8,12.56169336151516
TUS,2021-01-27,Data 9,14.737486065815391
TUS,2021-01-27,Data 10,16.153703765917538
TUS,2021-01-27,Data 11,17.337309343933455
TUS,2021-01-27,Data 12,18.883881299138817
TUS,2021-01-28,Data 1,13.802823735431476
TUS,2021-01-28,Data 2,15.037699245889696
TUS,2021-01-28,Data 3,17.90627326782649
TUS,2021-01-28,Data 4,17.57424833040365
TUS,2021-01-28,Data 5,
TUS,2021-01-28,Data 6,19.217119411553046
TUS,2021-01-28,Data 7,12.742924977122138
TUS,2021-01-28,Data 8,
TUS,2021-01-28,Data 9,15.3197127839948
TUS,2021-01-28,Data 10,13.944649718148083
TUS,2021-01-28,Data 11,18.938914401053474
TUS,2021-01-28,Data 12,18.85438872374337
TUS,2021-01-29,Data 1,11.61272633648704
TUS,2021-01-29,Data 2,16.838308347220003
TUS,2021-01-29,Data 3,18.784930600128657
TUS,2021-01-29,Data 4,16.499906970802094
TUS,2021-01-29,Data 5,17.731382517058904
TUS,2021-01-29,Data 6,20.621616546319565
TUS,2021-01-29,Data 7,15.608680485756306
TUS,2021-01-29,Data 8,10.675016023928652
TUS,2021-01-29,Data 9,12.818067139569603
TUS,2021-01-29,Data 10,15.17837142409083
TUS,2021-01-29,Data 11,16.38393143162852
TUS,2021-01-29,Data 12,
TUS,2021-01-30,Data 1,16.62061749223922
TUS,2021-01-30,Data 2,17.791367621579912
TUS,2021-01-30,Data 3,12.6331236155581
TUS,2021-01-30,Data 4,15.388259867007623
TUS,2021-01-30,Data 5,15.531302256240156
TUS,2021-01-30,Data 6,17.81507148169421
TUS,2021-01-30,Data 7,11.380792960156707
TUS,2021-01-30,Data 8,
TUS,2021-01-30,Data 9,16.0925684960074
TUS,2021-01-30,Data 10,
TUS,2021-01-30,Data 11,16.82327408158933
TUS,2021-01-30,Data 12,
TUS,2021-01-31,Data 1,13.482407874665796
TUS,2021-01-31,Data 2,18.197294341009435
TUS,2021-01-31,Data 3,17.39390880902147
TUS,2021-01-31,Data 4,16.33236102048798
TUS,2021-01-31,Data 5,17.78539571199154
TUS,2021-01-31,Data 6,19.895433851620556
TUS,2021-01-31,Data 7,10.612149987201889
TUS,2021-01-31,Data 8,14.285886189527414
TUS,2021-01-31,Data 9,16.276102202881514
TUS,2021-01-31,Data 10,17.001688949888916
TUS,2021-01-31,Data 11,15.424432496183522
TUS,2021-01-31,Data 12,16.75830480349777
TUS,2021-02-01,Data 1,10.041400379248424
TUS,2021-02-01,Data 2,16.495820512235067
TUS,2021-02-01,Data 3,20.148165339499947
TUS,2021-02-01,Data 4,15.161230816827153
TUS,2021-02-01,Data 5,20.20191926999714
TUS,2021-02-01,Data 6,22.916694908441187
TUS,2021-02-01,Data 7,12.069379086439893
TUS,2021-02-01,Data 8,13.788103291391728
TUS,2021-02-01,Data 9,15.507479322989147
TUS,2021-02-01,Data 10,16.935386343530865
TUS,2021-02-01,Data 11,17.616101079008203
TUS,2021-02-01,Data 12,17.216702865156417
TUS,2021-02-02,Data 1,15.243143779712101
TUS,2021-02-02,Data 2,14.260779327912733
TUS,2021-02-02,Data 3,16.754200787804372
TUS,2021-02-02,Data 4,16.941474372630044
TUS,2021-02-02,Data 5,14.453935063586236
TUS,2021-02-02,Data 6,21.523843001427984
TUS,2021-02-02,Data 7,11.808677411913015
TUS,2021-02-02,Data 8,16.748876186341633
TUS,2021-02-02,Data 9,17.112113618132103
TUS,2021-02-02,Data 10,16.44647782825832
TUS,2021-02-02,Data 11,18.04224485675868
TUS,2021-02-02,Data 12,19.290431171900114
TUS,2021-02-03,Data 1,13.605323159385348
TUS,2021-02-03,Data 2,14.697453432692976
TUS,2021-02-03,Data 3,17.187113444561724
TUS,2021-02-03,Data 4,11.119222730671439
TUS,2021-02-03,Data 5,17.962582487108204
TUS,2021-02-03,Data 6,18.22296309382223
TUS,2021-02-03,Data 7,11.454244664352782
TUS,2021-02-03,Data 8,14.81410457424907
TUS,2021-02-03,Data 9,13.746565550820069
TUS,2021-02-03,Data 10,17.72478694476552
TUS,2021-02-03,Data 11,18.906250090752174
TUS,2021-02-03,Data 12,
TUS,2021-02-04,Data 1,15.450191573695994
TUS,2021-02-04,Data 2,16.032356574229915
TUS,2021-02-04,Data 3,17.600819050455364
TUS,2021-02-04,Data 4,18.508582659627148
TUS,2021-02-04,Data 5,18.702896415083167
TUS,2021-02-04,Data 6,21.140300476632856
TUS,2021-02-04,Data 7,12.673866072112473
TUS,2021-02-04,Data 8,12.510194710387102
TUS,2021-02-04,Data 9,13.415160158000077
TUS,2021-02-04,Data 10,15.38407694072192
TUS,2021-02-04,Data 11,13.212770666092428
TUS,2021-02-04,Data 12,18.426587414745878
TUS,2021-02-05,Data 1,15.31849133686481
TUS,2021-02-05,Data 2,16.875140275253116
TUS,2021-02-05,Data 3,12.784880271262052
TUS,2021-02-05,Data 4,15.47455044286757
TUS,2021-02-05,Data 5,19.658949683863497
TUS,2021-02-05,Data 6,18.612347722454395
TUS,2021-02-05,Data 7,14.270836060418453
TUS,2021-02-05,Data 8,11.521483210293056
TUS,2021-02-05,Data 9,17.7213171916773
TUS,2021-02-05,Data 10,13.382359201761776
TUS,2021-02-05,Data 11,10.96097568835835
TUS,2021-02-05,Data 12,18.36769908950739
TUS,2021-02-06,Data 1,14.419318830549251
TUS,2021-02-06,Data 2,14.016727628735905
TUS,2021-02-06,Data 3,16.95271553871244
TUS,2021-02-06,Data 4,18.010940318333255
TUS,2021-02-06,Data 5,18.784831934357534
TUS,2021-02-06,Data 6,17.982072748585004
TUS,2021-02-06,Data 7,11.610573737821884
TUS,2021-02-06,Data 8,13.181435123773792
TUS,2021-02-06,Data 9,
TUS,2021-02-06,Data 10,18.242061334648945
TUS,2021-02-06,Data 11,16.344210566974166
TUS,2021-02-06,Data 12,
TUS,2021-02-07,Data 1,15.650196529335268
TUS,2021-02-07,Data 2,13.2657395685782
TUS,2021-02-07,Data 3,13.30825815305357
TUS,2021-02-07,Data 4,15.361484280557004
TUS,2021-02-07,Data 5,18.525122658003852
TUS,2021-02-07,Data 6,19.38717982273509
TUS,2021-02-07,Data 7,13.78092969985778
TUS,2021-02-07,Data 8,13.793556494135007
TUS,2021-02-07,Data 9,10.122365683447143
TUS,2021-02-07,Data 10,15.731441675627392
TUS,2021-02-07,Data 11,18.93079496918234
TUS,2021-02-07,Data 12,20.472261443612435
TUS,2021-02-08,Data 1,14.177315181922875
TUS,2021-02-08,Data 2,15.394631414811192
TUS,2021-02-08,Data 3,
TUS,2021-02-08,Data 4,19.407768874337634
TUS,2021-02-08,Data 5,18.001055917713195
TUS,2021-02-08,Data 6,20.20241349785823
TUS,2021-02-08,Data 7,11.898926301016832
TUS,2021-02-08,Data 8,11.558575148171682
TUS,2021-02-08,Data 9,14.093503181953974
TUS,2021-02-08,Data 10,18.90493506894149
TUS,2021-02-08,Data 11,18.244414288086805
TUS,2021-02-08,Data 12,15.722333764438462
TUS,2021-02-09,Data 1,15.340961234482425
TUS,2021-02-09,Data 2,12.856285533919689
TUS,2021-02-09,Data 3,16.752819052195033
TUS,2021-02-09,Data 4,15.19589689128498
TUS,2021-02-09,Data 5,15.621176214265343
TUS,2021-02-09,Data 6,22.285345906511928
TUS,2021-02-09,Data 7,12.34276304850203
TUS,2021-02-09,Data 8,15.206374862164687
TUS,2021-02-09,Data 9,15.081838350791442
TUS,2021-02-09,Data 10,13.995625088437055
TUS,2021-02-09,Data 11,16.542800169319964
TUS,2021-02-09,Data 12,16.011301250782974
TUS,2021-02-10,Data 1,
TUS,2021-02-10,Data 2,16.569208575796047
TUS,2021-02-10,Data 3,16.044931785624094
TUS,2021-02-10,Data 4,18.09423823035042
TUS,2021-02-10,Data 5,19.430762630882487
TUS,2021-02-10,Data 6,20.43637145141587
TUS,2021-02-10,Data 7,14.34572247193364
TUS,2021-02-10,Data 8,15.183628267482757
TUS,2021-02-10,Data 9,15.203712590523974
TUS,2021-02-10,Data 10,19.098040302990373
TUS,2021-02-10,Data 11,17.329521682473032
TUS,2021-02-10,Data 12,
TUS,2021-02-11,Data 1,14.346683328740816
TUS,2021-02-11,Data 2,15.487906395817001
TUS,2021-02-11,Data 3,12.798192043046969
TUS,2021-02-11,Data 4,15.343005950439508
TUS,2021-02-11,Data 5,17.793490479701905
TUS,2021-02-11,Data 6,15.713622377691665
TUS,2021-02-11,Data 7,13.041772976591924
TUS,2021-02-11,Data 8,14.461401811437367
TUS,2021-02-11,Data 9,12.47967046965484
TUS,2021-02-11,Data 10,14.767277183921045
TUS,2021-02-11,Data 11,19.563287590007537
TUS,2021-02-11,Data 12,19.11538212145025
TUS,2021-02-12,Data 1,14.996443496993571
TUS,2021-02-12,Data 2,17.280298077042534
TUS,2021-02-12,Data 3,14.378284977579323
TUS,2021-02-12,Data 4,14.484844282170767
TUS,2021-02-12,Data 5,19.974669033178202
TUS,2021-02-12,Data 6,18.848097952714955
TUS,2021-02-12,Data 7,11.329714196739953
TUS,2021-02-12,Data 8,18.179077443389545
TUS,2021-02-12,Data 9,11.784677945763882
TUS,2021-02-12,Data 10,16.369481157791448
TUS,2021-02-12,Data 11,16.619921929997012
TUS,2021-02-12,Data 12,17.285109154379146
TUS,2021-02-13,Data 1,
TUS,2021-02-13,Data 2,18.06686740259265
TUS,2021-02-13,Data 3,
TUS,2021-02-13,Data 4,16.46669534153117
TUS,2021-02-13,Data 5,17.141511159402675
TUS,2021-02-13,Data 6,20.17710653954144
TUS,2021-02-13,Data 7,9.803751296232505
TUS,2021-02-13,Data 8,14.924345332163886
TUS,2021-02-13,Data 9,15.379412335220792
TUS,2021-02-13,Data 10,14.676035644406781
TUS,2021-02-13,Data 11,17.85177441238607
TUS,2021-02-13,Data 12,18.038295554831503
TUS,2021-02-14,Data 1,17.608696219573485
TUS,2021-02-14,Data 2,14.618192416545403
TUS,2021-02-14,Data 3,14.087127246363982
TUS,2021-02-14,Data 4,17.944812555760755
TUS,2021-02-14,Data 5,
TUS,2021-02-14,Data 6,18.99858281084671
TUS,2021-02-14,Data 7,10.499184532060564
TUS,2021-02-14,Data 8,15.209030652710734
TUS,2021-02-14,Data 9,14.059915704480996
TUS,2021-02-14,Data 10,
TUS,2021-02-14,Data 11,21.19944357833303
TUS,2021-02-14,Data 12,17.505948598508006
TUS,2021-02-15,Data 1,15.488383942999874
TUS,2021-02-15,Data 2,
TUS,2021-02-15,Data 3,14.701253923357148
TUS,2021-02-15,Data 4,19.642608064546025
TUS,2021-02-15,Data 5,14.266920097278767
TUS,2021-02-15,Data 6,21.015027379673846
TUS,2021-02-15,Data 7,9.059792364576328
TUS,2021-02-15,Data 8,15.785194676598618
TUS,2021-02-15,Data 9,15.028546135672869
TUS,2021-02-15,Data 10,
TUS,2021-02-15,Data 11,16.185927374146438
TUS,2021-02-15,Data 12,19.3726369139134
TUS,2021-02-16,Data 1,17.95288116903097
TUS,2021-02-16,Data 2,11.871516776577897
TUS,2021-02-16,Data 3,14.202431903353745
TUS,2021-02-16,Data 4,14.33937274852202
TUS,2021-02-16,Data 5,17.621759218445934
TUS,2021-02-16,Data 6,20.843300223848917
TUS,2021-02-16,Data 7,10.097648619896882
TUS,2021-02-16,Data 8,13.975822104307891
TUS,2021-02-16,Data 9,16.7737747801946
TUS,2021-02-16,Data 10,15.158476412637894
TUS,2021-02-16,Data 11,11.791572286745732
TUS,2021-02-16,Data 12,18.39789629359299
TUS,2021-02-17,Data 1,16.471564383644306
TUS,2021-02-17,Data 2,12.857892640701902
TUS,2021-02-17,Data 3,12.442824831986966
TUS,2021-02-17,Data 4,
TUS,2021-02-17,Data 5,
TUS,2021-02-17,Data 6,18.025542871772895
TUS,2021-02-17,Data 7,11.648583841676777
TUS,2021-02-17,Data 8,14.068304834976049
TUS,2021-02-17,Data 9,12.825508122274396
TUS,2021-02-17,Data 10,
TUS,2021-02-17,Data 11,18.358746565913005
TUS,2021-02-17,Data 12,15.702411929682688
TUS,2021-02-18,Data 1,10.548386542418807
TUS,2021-02-18,Data 2,13.64487069532869
TUS,2021-02-18,Data 3,15.071191475381225
TUS,2021-02-18,Data 4,17.924121786503793
TUS,2021-02-18,Data 5,16.804979610616716
TUS,2021-02-18,Data 6,21.844739723397016
TUS,2021-02-18,Data 7,13.170636285130048
TUS,2021-02-18,Data 8,12.383468556718148
TUS,2021-02-18,Data 9,15.836796441777368
TUS,2021-02-18,Data 10,
TUS,2021-02-18,Data 11,18.30090018507228
TUS,2021-02-18,Data 12,14.993839396480364
TUS,2021-02-19,Data 1,13.232057456095298
TUS,2021-02-19,Data 2,15.500400412503389
TUS,2021-02-19,Data 3,17.213446118272365
TUS,2021-02-19,Data 4,16.633606762559225
TUS,2021-02-19,Data 5,17.358664748885616
TUS,2021-02-19,Data 6,22.590422711824644
TUS,2021-02-19,Data 7,14.331848504108923
TUS,2021-02-19,Data 8,14.843173221228911
TUS,2021-02-19,Data 9,13.88339649210794
TUS,2021-02-19,Data 10,13.79969153405661
TUS,2021-02-19,Data 11,17.879002461240454
TUS,2021-02-19,Data 12,19.557873007024227
TUS,2021-02-20,Data 1,13.988807962341907
TUS,2021-02-20,Data 2,16.337483311185025
TUS,2021-02-20,Data 3,17.391075515131554
TUS,2021-02-20,Data 4,
TUS,2021-02-20,Data 5,14.964252506638381
TUS,2021-02-20,Data 6,18.28594159838678
TUS,2021-02-20,Data 7,14.00133144276242
TUS,2021-02-20,Data 8,14.09954737436192
TUS,2021-02-20,Data 9,16.39765684040507
TUS,2021-02-20,Data 10,16.84194588877878
TUS,2021-02-20,Data 11,12.693314160257511
TUS,2021-02-20,Data 12,20.19430542350739
TUS,2021-02-21,Data 1,13.042325087983192
TUS,2021-02-21,Data 2,13.27444847191376
TUS,2021-02-21,Data 3,18.119872768093245
TUS,2021-02-21,Data 4,18.234011899153394
TUS,2021-02-21,Data 5,20.4238879707728
TUS,2021-02-21,Data 6,
TUS,2021-02-21,Data 7,12.261445721507593
TUS,2021-02-21,Data 8,14.286776934684502
TUS,2021-02-21,Data 9,12.941256983635856
TUS,2021-02-21,Data 10,13.294659428312931
TUS,2021-02-21,Data 11,15.741473212614423
TUS,2021-02-21,Data 12,21.067455419833
TUS,2021-02-22,Data 1,12.928397073895404
TUS,2021-02-22,Data 2,11.585284084814106
TUS,2021-02-22,Data 3,15.688203644126665
TUS,2021-02-22,Data 4,15.903425407018798
TUS,2021-02-22,Data 5,20.23479763180492
TUS,2021-02-22,Data 6,21.896998459785852
TUS,2021-02-22,Data 7,12.173069677753448
TUS,2021-02-22,Data 8,14.520561013165771
TUS,2021-02-22,Data 9,15.68757576309977
TUS,2021-02-22,Data 10,15.902695296859097
TUS,2021-02-22,Data 11,16.539198571588464
TUS,2021-02-22,Data 12,16.15153371146339
TUS,2021-02-23,Data 1,10.307624275523812
TUS,2021-02-23,Data 2,13.14097827961518
TUS,2021-02-23,Data 3,15.833124060419278
TUS,2021-02-23,Data 4,14.10070956060294
TUS,2021-02-23,Data 5,18.414534658797887
TUS,2021-02-23,Data 6,19.1386886740725
TUS,2021-02-23,Data 7,11.906639830825469
TUS,2021-02-23,Data 8,13.456689779347894
TUS,2021-02-23,Data 9,
TUS,2021-02-23,Data 10,17.65946483575835
TUS,2021-02-23,Data 11,18.622793108983185
TUS,2021-02-23,Data 12,15.703473422494763
TUS,2021-02-24,Data 1,11.754910387511172
TUS,2021-02-24,Data 2,13.164994357971473
TUS,2021-02-24,Data 3,17.102952550479046
TUS,2021-02-24,Data 4,17.681178432800994
TUS,2021-02-24,Data 5,20.094635413242898
TUS,2021-02-24,Data 6,
TUS,2021-02-24,Data 7,9.937784994888554
TUS,2021-02-24,Data 8,15.02850951203567
TUS,2021-02-24,Data 9,17.248706719741005
TUS,2021-02-24,Data 10,15.331845538040119
TUS,2021-02-24,Data 11,16.952895698251524
TUS,2021-02-24,Data 12,17.651291484194328
TUS,2021-02-25,Data 1,13.737054808656664
TUS,2021-02-25,Data 2,16.65209434288301
TUS,2021-02-25,Data 3,19.499167808410842
TUS,2021-02-25,Data 4,19.762908157380974
TUS,2021-02-25,Data 5,16.994050458897313
TUS,2021-02-25,Data 6,19.52697443066212
TUS,2021-02-25,Data 7,11.432468668827207
TUS,2021-02-25,Data 8,12.618917895367481
TUS,2021-02-25,Data 9,14.86564341990129
TUS,2021-02-25,Data 10,14.568480021778496
TUS,2021-02-25,Data 11,15.839893517259913
TUS,2021-02-25,Data 12,18.478809001070754
TUS,2021-02-26,Data 1,14.999370220605869
TUS,2021-02-26,Data 2,15.944004541838549
TUS,2021-02-26,Data 3,16.964497905361313
TUS,2021-02-26,Data 4,14.524675155345404
TUS,2021-02-26,Data 5,16.473427791642838
TUS,2021-02-26,Data 6,19.075875670895204
TUS,2021-02-26,Data 7,15.145956095532023
TUS,2021-02-26,Data 8,18.727744989238722
TUS,2021-02-26,Data 9,15.60763719120975
TUS,2021-02-26,Data 10,17.443125010252288
TUS,2021-02-26,Data 11,14.322788400553502
TUS,2021-02-26,Data 12,19.385837246063222
TUS,2021-02-27,Data 1,17.985030706336236
TUS,2021-02-27,Data 2,13.466686824433305
TUS,2021-02-27,Data 3,14.900885728182839
TUS,2021-02-27,Data 4,
TUS,2021-02-27,Data 5,18.05077684108482
TUS,2021-02-27,Data 6,15.160653687604688
TUS,2021-02-27,Data 7,12.013754355200456
TUS,2021-02-27,Data 8,16.887264006937627
TUS,2021-02-27,Data 9,14.442074139336382
TUS,2021-02-27,Data 10,15.44047966300833
TUS,2021-02-27,Data 11,18.580743792103423
TUS,2021-02-27,Data 12,18.680102589137782
TUS,2021-02-28,Data 1,13.337383233633355
TUS,2021-02-28,Data 2,13.7755265309845
TUS,2021-02-28,Data 3,21.89818885061745
TUS,2021-02-28,Data 4,19.489359161473573
TUS,2021-02-28,Data 5,18.963732123436984
TUS,2021-02-28,Data 6,20.094529594755933
TUS,2021-02-28,Data 7,12.749091479994199
TUS,2021-02-28,Data 8,14.655759048318714
TUS,2021-02-28,Data 9,14.540400738849613
TUS,2021-02-28,Data 10,14.297187131479372
TUS,2021-02-28,Data 11,17.73496333094861
TUS,2021-02-28,Data 12,17.372940627655204
TUS,2021-03-01,Data 1,14.840188980903683
TUS,2021-03-01,Data 2,16.213701186431344
TUS,2021-03-01,Data 3,16.94726415362291
TUS,2021-03-01,Data 4,15.147237740036923
TUS,2021-03-01,Data 5,17.16526637278983
TUS,2021-03-01,Data 6,
TUS,2021-03-01,Data 7,14.951633438689418
TUS,2021-03-01,Data 8,15.836908887884828
TUS,2021-03-01,Data 9,13.580840290501655
TUS,2021-03-01,Data 10,13.482990178649331
TUS,2021-03-01,Data 11,21.853432972691046
TUS,2021-03-01,Data 12,18.86591965072139
